ID	Description	GeneRatio	BgRatio	pvalue	p.adjust	qvalue	geneID	Count	Direction	Source_Set	included_Fig1_filtering	included_FigS2_filtering
GOCC_DENSE_CORE_GRANULE	GOCC_DENSE_CORE_GRANULE	4/59	10/3816	1.01060254909911e-05	0.0127263532179243	0.01186945778941	SYT7/CADPS/DMXL2/KIF1A	4	downregulated	DEP + DS	TRUE	TRUE
GOCC_NEURON_PROJECTION	GOCC_NEURON_PROJECTION	19/59	439/3816	1.67672637917316e-05	0.0127263532179243	0.01186945778941	HDAC6/SLC17A6/STMN2/MADD/CAMK2B/KIF21A/MICAL1/MYO1C/MTOR/NECAB2/MARK3/ANK2/INPP5F/ITGA3/STAU2/UNC13A/KIF1A/ARHGAP32/PSD	19	downregulated	DEP + DS	FALSE	TRUE
GOMF_CYTOSKELETAL_PROTEIN_BINDING	GOMF_CYTOSKELETAL_PROTEIN_BINDING	16/59	356/3816	6.08805242959301e-05	0.0308055452937406	0.0287313351501846	HDAC6/STMN2/CAMK2B/KIF21A/EPB41L1/MICAL1/MYO18A/TLN2/TBCD/DNM1/MYO1C/MARK3/ANK2/STAU2/KIF1A/DNM1L	16	downregulated	DEP + DS	TRUE	FALSE
GOCC_SYNAPSE	GOCC_SYNAPSE	18/59	472/3816	0.000164454441813925	0.0624104606683844	0.0582082169051917	KALRN/SYT7/SLC17A6/CADPS/CAMK2B/MICAL1/TLN2/DNM1/NRXN2/ANK2/DMXL2/ITGA3/MFF/UNC13A/KIF1A/DNM1L/ARHGAP32/PSD	18	downregulated	DEP + DS	FALSE	FALSE
GOBP_CELL_JUNCTION_ORGANIZATION	GOBP_CELL_JUNCTION_ORGANIZATION	11/59	212/3816	0.000316199983220065	0.0799985957546764	0.0746121013036819	HDAC6/CAMK2B/TLN2/TBCD/MYO1C/NRXN2/ANK2/ITGA3/STAU2/UNC13A/KIF1A	11	downregulated	DEP + DS	TRUE	FALSE
GOMF_CALMODULIN_BINDING	GOMF_CALMODULIN_BINDING	6/59	61/3816	0.000302978724635447	0.0799985957546764	0.0746121013036819	SYT7/CAMK2B/DAPK1/MYO1C/UNC13A/UBR4	6	downregulated	DEP + DS	TRUE	TRUE
GOCC_SYNAPTIC_VESICLE_MEMBRANE	GOCC_SYNAPTIC_VESICLE_MEMBRANE	5/59	42/3816	0.000408454325768027	0.0885762380736951	0.0826121907004507	SYT7/SLC17A6/DMXL2/UNC13A/DNM1L	5	downregulated	DEP + DS	FALSE	TRUE
GOBP_POSTSYNAPSE_ORGANIZATION	GOBP_POSTSYNAPSE_ORGANIZATION	6/59	66/3816	0.000466989975245978	0.0886113478029243	0.0826449364086632	HDAC6/CAMK2B/NRXN2/ITGA3/STAU2/KIF1A	6	downregulated	DEP + DS	FALSE	TRUE
GOBP_CELL_PROJECTION_ORGANIZATION	GOBP_CELL_PROJECTION_ORGANIZATION	16/59	440/3816	0.000729297780645356	0.0923646915660389	0.0861455586688318	KALRN/HDAC6/ACTL6B/STMN2/CAMK2B/ISLR2/VANGL2/MTOR/SEMA6D/INPP5F/ITGA3/STAU2/UNC13A/KIF1A/TBC1D9B/PSD	16	downregulated	DEP + DS	FALSE	FALSE
GOBP_NEURON_DEVELOPMENT	GOBP_NEURON_DEVELOPMENT	14/59	351/3816	0.000681172262453513	0.0923646915660389	0.0861455586688318	KALRN/HDAC6/ACTL6B/STMN2/CAMK2B/ISLR2/TBCD/SEMA6D/INPP5F/ITGA3/STAU2/UNC13A/KIF1A/PSD	14	downregulated	DEP + DS	FALSE	FALSE
GOBP_NEURON_PROJECTION_ORGANIZATION	GOBP_NEURON_PROJECTION_ORGANIZATION	5/59	46/3816	0.000627797087877912	0.0923646915660389	0.0861455586688318	HDAC6/CAMK2B/ITGA3/STAU2/KIF1A	5	downregulated	DEP + DS	TRUE	FALSE
GOCC_PRESYNAPSE	GOCC_PRESYNAPSE	10/59	197/3816	0.000730155664553667	0.0923646915660389	0.0861455586688318	SYT7/SLC17A6/CADPS/MICAL1/DNM1/NRXN2/DMXL2/MFF/UNC13A/DNM1L	10	downregulated	DEP + DS	FALSE	FALSE
GOBP_DENDRITIC_SPINE_MORPHOGENESIS	GOBP_DENDRITIC_SPINE_MORPHOGENESIS	4/59	29/3816	0.00091759848558687	0.0939875675480142	0.0876591625768526	HDAC6/CAMK2B/STAU2/KIF1A	4	downregulated	DEP + DS	FALSE	FALSE
GOCC_TRANSPORT_VESICLE_MEMBRANE	GOCC_TRANSPORT_VESICLE_MEMBRANE	6/59	74/3816	0.000865272263000103	0.0939875675480142	0.0876591625768526	SYT7/SLC17A6/SEC13/DMXL2/UNC13A/DNM1L	6	downregulated	DEP + DS	FALSE	FALSE
GOCC_VESICLE_MEMBRANE	GOCC_VESICLE_MEMBRANE	14/59	362/3816	0.000928730904624646	0.0939875675480142	0.0876591625768526	SYT7/SLC17A6/CADPS/CAMK2B/MYO1C/SEC13/DMXL2/INPP5F/UNC13A/KIF1A/DNM1L/ARHGAP32/PSD/UBR4	14	downregulated	DEP + DS	FALSE	FALSE
GOCC_SOMATODENDRITIC_COMPARTMENT	GOCC_SOMATODENDRITIC_COMPARTMENT	12/59	284/3816	0.00106955166319639	0.101473714045757	0.0946412491446804	HDAC6/STMN2/KIF21A/MTOR/NECAB2/MARK3/INPP5F/STAU2/G3BP1/KIF1A/ARHGAP32/PSD	12	downregulated	DEP + DS	FALSE	FALSE
GOBP_CELLULAR_COMPONENT_MORPHOGENESIS	GOBP_CELLULAR_COMPONENT_MORPHOGENESIS	11/59	247/3816	0.00115905955475682	0.103497200242403	0.0965284892351658	KALRN/HDAC6/CAMK2B/ISLR2/ANK2/SEMA6D/STAU2/MFF/UNC13A/KIF1A/DNM1L	11	downregulated	DEP + DS	TRUE	FALSE
GOMF_TRANSCRIPTION_COREGULATOR_BINDING	GOMF_TRANSCRIPTION_COREGULATOR_BINDING	4/22	25/3816	9.68786564932638e-06	0.00819593433933012	0.00793385207913255	MED1/CNOT2/SMARCA4/EED	4	upregulated	DEP + DS	TRUE	TRUE
GOBP_CELL_PROJECTION_ORGANIZATION	GOBP_CELL_PROJECTION_ORGANIZATION	47/185	440/3816	5.48283260091941e-08	4.28757509391898e-05	3.83028761699318e-05	DNM3/PTPN9/SYT1/CRMP1/RAP1GAP/APLP2/ATP8A2/RAPH1/TRIM67/NCAM2/RET/PPP3CB/PRNP/DYNLL2/GDI1/SNAP25/RAP1B/GPM6A/CNTNAP1/MAP1S/WASF1/ALCAM/PTPN11/NCKAP1/PLEKHA1/SLIT1/PTPRO/ATAT1/ARSB/ARHGAP35/RIMS1/CYFIP2/HSP90AB1/KIDINS220/STXBP1/SLC9A6/SYT2/DPYSL2/DPYSL3/MAP1B/SPOCK1/KIF5A/NUMBL/VPS35/RAB1A/SLC25A46/ATP1A3	47	downregulated	DEP + DEG, no DS	FALSE	FALSE
GOBP_NEURON_DEVELOPMENT	GOBP_NEURON_DEVELOPMENT	41/185	351/3816	3.91283035197733e-08	4.28757509391898e-05	3.83028761699318e-05	DNM3/PTPN9/SYT1/SYN1/CRMP1/APLP2/ATP8A2/RAPH1/TRIM67/OPCML/NCAM2/RET/PPP3CB/GDI1/SNAP25/GPM6A/CNTNAP1/MAP1S/WASF1/ALCAM/PTPN11/NCKAP1/SLIT1/PTPRO/ATAT1/ARSB/ARHGAP35/RIMS1/CYFIP2/HSP90AB1/KIDINS220/STXBP1/SLC9A6/SYT2/DPYSL2/DPYSL3/MAP1B/SPOCK1/KIF5A/NUMBL/SLC25A46	41	downregulated	DEP + DEG, no DS	TRUE	TRUE
GOBP_VESICLE_MEDIATED_TRANSPORT_IN_SYNAPSE	GOBP_VESICLE_MEDIATED_TRANSPORT_IN_SYNAPSE	19/185	90/3816	2.96995431114701e-08	4.28757509391898e-05	3.83028761699318e-05	SYT5/DNM3/SYT1/SYN1/RAB3B/SYN2/SNAP91/DNAJC6/PPP3CB/SYP/CLCN3/SNAP25/RAP1B/PREPL/APBA1/RIMS1/STXBP1/SYT2/VPS35	19	downregulated	DEP + DEG, no DS	TRUE	TRUE
GOBP_CELL_PART_MORPHOGENESIS	GOBP_CELL_PART_MORPHOGENESIS	31/185	229/3816	8.56722277401056e-08	5.02467615695719e-05	4.48877382711974e-05	DNM3/SYT1/CRMP1/APLP2/ATP8A2/RAPH1/RET/PPP3CB/GDI1/GPM6A/CNTNAP1/MAP1S/WASF1/ALCAM/PTPN11/NCKAP1/SLIT1/PTPRO/ARHGAP35/RIMS1/CYFIP2/HSP90AB1/KIDINS220/STXBP1/SLC9A6/SYT2/DPYSL2/MAP1B/KIF5A/NUMBL/SLC25A46	31	downregulated	DEP + DEG, no DS	FALSE	FALSE
GOBP_CELLULAR_COMPONENT_MORPHOGENESIS	GOBP_CELLULAR_COMPONENT_MORPHOGENESIS	32/185	247/3816	1.47808402769028e-07	6.11666689513588e-05	5.46429927231819e-05	DNM3/SYT1/CRMP1/APLP2/ATP8A2/RAPH1/WDR1/RET/PPP3CB/GDI1/GPM6A/CNTNAP1/MAP1S/WASF1/ALCAM/PTPN11/NCKAP1/SLIT1/PTPRO/ARHGAP35/RIMS1/CYFIP2/HSP90AB1/KIDINS220/STXBP1/SLC9A6/SYT2/DPYSL2/MAP1B/KIF5A/NUMBL/SLC25A46	32	downregulated	DEP + DEG, no DS	FALSE	FALSE
GOCC_AXON	GOCC_AXON	33/185	262/3816	1.81610516664614e-07	6.11666689513588e-05	5.46429927231819e-05	SYT5/DNM3/SYT1/SYN1/CRMP1/MYO5A/RAP1GAP/SLC8A1/NCAM2/RET/SYP/PRNP/CLCN3/GDI1/SLC1A1/SNAP25/CD200/GPM6A/CNTNAP1/ALCAM/ATP1A1/PTPRO/ATAT1/HSP90AB1/CPEB4/STXBP1/SYT2/SYT13/DPYSL3/MAP1B/SPOCK1/KIF5A/ATP1A3	33	downregulated	DEP + DEG, no DS	TRUE	FALSE
GOCC_SYNAPSE	GOCC_SYNAPSE	48/185	472/3816	1.82509242395359e-07	6.11666689513588e-05	5.46429927231819e-05	SYT5/DNM3/RAB3C/PPM1H/SYT1/SYN1/RAB3B/SYN2/SNAP91/RAB12/DNAJC6/SLC8A1/RPS3A/PPP3CB/PDE2A/SYP/RPS4X/PRNP/DYNLL2/CLCN3/SLC1A1/SNAP25/GPM6A/CNTNAP1/MAP1S/WASF1/ATP1A1/APBA1/RPS27/PTPRO/NSF/RIMS1/CYFIP2/ERC1/CPEB4/RPS6KA1/PLCB1/RPL3/STXBP1/SYT2/SYT13/DPYSL3/MAP1B/SPOCK1/KIF5A/TUBA1A/VPS35/ATP1A3	48	downregulated	DEP + DEG, no DS	TRUE	FALSE
GOBP_NEURON_DIFFERENTIATION	GOBP_NEURON_DIFFERENTIATION	42/185	396/3816	4.21098180803454e-07	0.000109766259129434	9.80592371906056e-05	DNM3/PTPN9/SYT1/SYN1/CRMP1/RAP1GAP/APLP2/ATP8A2/RAPH1/TRIM67/OPCML/NCAM2/RET/PPP3CB/GDI1/SNAP25/GPM6A/CNTNAP1/MAP1S/WASF1/ALCAM/PTPN11/NCKAP1/SLIT1/PTPRO/ATAT1/ARSB/ARHGAP35/RIMS1/CYFIP2/HSP90AB1/KIDINS220/STXBP1/SLC9A6/SYT2/DPYSL2/DPYSL3/MAP1B/SPOCK1/KIF5A/NUMBL/SLC25A46	42	downregulated	DEP + DEG, no DS	FALSE	FALSE
GOCC_NEURON_PROJECTION	GOCC_NEURON_PROJECTION	45/185	439/3816	3.96616631844316e-07	0.000109766259129434	9.80592371906056e-05	SYT5/DNM3/PTPN9/SYT1/SYN1/CRMP1/MYO5A/RAP1GAP/ATP8A2/RPTOR/SLC8A1/CAPN2/NCAM2/RET/SYP/PRNP/CLCN3/GDI1/SLC1A1/SNAP25/CD200/GPM6A/CNTNAP1/MAP1S/WASF1/RACK1/ALCAM/ATP1A1/APBA1/PTPRO/NSF/ATAT1/CYFIP2/HSP90AB1/CPEB4/STXBP1/SYT2/SYT13/DPYSL3/MAP1B/RPS6/SPOCK1/KIF5A/VPS35/ATP1A3	45	downregulated	DEP + DEG, no DS	FALSE	FALSE
GOBP_CELL_MORPHOGENESIS	GOBP_CELL_MORPHOGENESIS	34/185	292/3816	7.79716210784768e-07	0.000152434519208422	0.000136176752251971	DNM3/SYT1/CRMP1/RHOB/APLP2/ATP8A2/RAPH1/WDR1/RET/PPP3CB/GDI1/GPM6A/CNTNAP1/MAP1S/WASF1/ALCAM/PTPN11/NCKAP1/SLIT1/PTPRO/ARHGAP35/RIMS1/CYFIP2/HSP90AB1/KIDINS220/STXBP1/SLC9A6/SYT2/DPYSL2/MAP1B/KIF5A/NUMBL/RAB1A/SLC25A46	34	downregulated	DEP + DEG, no DS	FALSE	FALSE
GOBP_ION_TRANSPORT	GOBP_ION_TRANSPORT	34/185	290/3816	6.61517930384748e-07	0.000152434519208422	0.000136176752251971	ATP8A1/SYT5/SYT1/SLC25A1/RAB3B/AKR1C1/WDR1/SLC8A1/CLCN6/NNT/ATP6V1A/PRNP/ATP1B3/XPR1/CLCN3/SLC1A1/SNAP25/GPM6A/SLC25A12/SNX4/SLC9A7/SLC44A2/ATP1A1/APBA1/NSF/SLC7A5/STXBP1/SLC9A6/SYT2/SYT13/ARHGAP1/ATP6V1B2/ATP1A3/ATP6V1H	34	downregulated	DEP + DEG, no DS	TRUE	TRUE
GOBP_NEURON_PROJECTION_EXTENSION	GOBP_NEURON_PROJECTION_EXTENSION	14/185	61/3816	7.33919164908057e-07	0.000152434519208422	0.000136176752251971	SYT1/RAPH1/PPP3CB/GDI1/WASF1/ALCAM/SLIT1/RIMS1/CYFIP2/HSP90AB1/SLC9A6/SYT2/DPYSL2/MAP1B	14	downregulated	DEP + DEG, no DS	TRUE	FALSE
GOBP_NEUROGENESIS	GOBP_NEUROGENESIS	45/185	456/3816	1.1984041325934e-06	0.00020081829250458	0.000179400197593494	DNM3/PTPN9/SYT1/SYN1/CRMP1/RAP1GAP/APLP2/ATP8A2/RAPH1/TRIM67/WDR1/OPCML/NCAM2/RET/PPP3CB/GDI1/SLC1A1/SNAP25/GPM6A/CNTNAP1/MAP1S/MBOAT7/WASF1/ALCAM/PTPN11/NCKAP1/SLIT1/PTPRO/ATAT1/ARSB/ARHGAP35/RIMS1/CYFIP2/HSP90AB1/KIDINS220/STXBP1/SLC9A6/SYT2/DPYSL2/DPYSL3/MAP1B/SPOCK1/KIF5A/NUMBL/SLC25A46	45	downregulated	DEP + DEG, no DS	FALSE	FALSE
GOMF_ION_TRANSMEMBRANE_TRANSPORTER_ACTIVITY	GOMF_ION_TRANSMEMBRANE_TRANSPORTER_ACTIVITY	21/185	134/3816	1.16484477492138e-06	0.00020081829250458	0.000179400197593494	ATP8A1/SLC25A1/ATP6V0A1/SLC8A1/CLCN6/NNT/ATP6V1A/XPR1/CLCN3/SLC1A1/SNAP25/GPM6A/SLC25A12/SLC9A7/SLC44A2/ATP1A1/SLC7A5/SLC9A6/ATP6V1B2/ATP1A3/ATP6V1H	21	downregulated	DEP + DEG, no DS	FALSE	FALSE
GOBP_AXON_DEVELOPMENT	GOBP_AXON_DEVELOPMENT	23/185	159/3816	1.49313112183071e-06	0.000218930350738428	0.000195580530497694	CRMP1/APLP2/ATP8A2/RAPH1/NCAM2/RET/PPP3CB/GDI1/CNTNAP1/MAP1S/ALCAM/PTPN11/SLIT1/PTPRO/ARHGAP35/HSP90AB1/STXBP1/SLC9A6/DPYSL2/MAP1B/KIF5A/NUMBL/SLC25A46	23	downregulated	DEP + DEG, no DS	FALSE	FALSE
GOBP_CELLULAR_MONOVALENT_INORGANIC_CATION_HOMEOSTASIS	GOBP_CELLULAR_MONOVALENT_INORGANIC_CATION_HOMEOSTASIS	10/185	32/3816	1.43074016990515e-06	0.000218930350738428	0.000195580530497694	ATP6V0A1/SLC8A1/ATP1B3/CLCN3/ATP6AP1/SLC9A7/ATP1A1/SLC9A6/ATP1A3/ATP6V1H	10	downregulated	DEP + DEG, no DS	TRUE	TRUE
GOBP_DEVELOPMENTAL_CELL_GROWTH	GOBP_DEVELOPMENTAL_CELL_GROWTH	15/185	74/3816	1.59905653994781e-06	0.000220669802512798	0.000197134462602854	SYT1/RAPH1/PPP3CB/GDI1/WASF1/ALCAM/SLIT1/RIMS1/CYFIP2/HSP90AB1/SLC9A6/SYT2/DPYSL2/MAP1B/TOMM70	15	downregulated	DEP + DEG, no DS	FALSE	FALSE
GOBP_SIGNAL_RELEASE	GOBP_SIGNAL_RELEASE	19/185	117/3816	2.25115881277335e-06	0.00029340103193146	0.000262108607966768	SYT5/SYT1/SYN1/SYN2/PPP3CB/SYP/RAF1/SNAP25/RAP1B/SNX4/PREPL/PTPN11/APBA1/RIMS1/STXBP1/SYT2/SYT13/VPS35/RAB1A	19	downregulated	DEP + DEG, no DS	FALSE	FALSE
GOBP_EXPORT_FROM_CELL	GOBP_EXPORT_FROM_CELL	28/185	229/3816	3.24437108598252e-06	0.000345967934896136	0.000309069035033072	SYT5/RAB3C/SYT1/SYN1/RAB3B/SYN2/RAB12/SLC8A1/PPP3CB/SYP/RAF1/ATP1B3/SNAP25/CD200/RAP1B/SNX4/PREPL/PTPN11/ATP1A1/APBA1/NSF/RIMS1/STXBP1/SYT2/SYT13/VPS35/RAB1A/ATP1A3	28	downregulated	DEP + DEG, no DS	FALSE	FALSE
GOBP_REGULATION_OF_EXOCYTOSIS	GOBP_REGULATION_OF_EXOCYTOSIS	15/185	78/3816	3.22476376299128e-06	0.000345967934896136	0.000309069035033072	SYT5/RAB3C/SYT1/SYN1/RAB3B/RAB12/SYP/RAP1B/SNX4/PREPL/APBA1/NSF/STXBP1/SYT2/SYT13	15	downregulated	DEP + DEG, no DS	TRUE	FALSE
GOBP_REGULATION_OF_NEUROTRANSMITTER_LEVELS	GOBP_REGULATION_OF_NEUROTRANSMITTER_LEVELS	15/185	78/3816	3.22476376299128e-06	0.000345967934896136	0.000309069035033072	SYT5/SYT1/SYN1/RAB3B/PDE1B/SYN2/ALDH5A1/SYP/SNAP25/RAP1B/PREPL/APBA1/RIMS1/STXBP1/SYT2	15	downregulated	DEP + DEG, no DS	FALSE	FALSE
GOMF_ACTIVE_ION_TRANSMEMBRANE_TRANSPORTER_ACTIVITY	GOMF_ACTIVE_ION_TRANSMEMBRANE_TRANSPORTER_ACTIVITY	13/185	59/3816	3.04729115969394e-06	0.000345967934896136	0.000309069035033072	ATP8A1/SLC25A1/SLC8A1/CLCN6/ATP6V1A/CLCN3/SLC1A1/SLC9A7/ATP1A1/SLC9A6/ATP6V1B2/ATP1A3/ATP6V1H	13	downregulated	DEP + DEG, no DS	TRUE	FALSE
GOBP_DEVELOPMENTAL_GROWTH_INVOLVED_IN_MORPHOGENESIS	GOBP_DEVELOPMENTAL_GROWTH_INVOLVED_IN_MORPHOGENESIS	14/185	71/3816	5.10861993672293e-06	0.000521079233545738	0.000465503995149444	SYT1/RAPH1/PPP3CB/GDI1/WASF1/ALCAM/SLIT1/RIMS1/CYFIP2/HSP90AB1/SLC9A6/SYT2/DPYSL2/MAP1B	14	downregulated	DEP + DEG, no DS	FALSE	FALSE
GOCC_PRESYNAPSE	GOCC_PRESYNAPSE	25/185	197/3816	5.93148513242548e-06	0.000579802671694591	0.000517964337660488	SYT5/DNM3/RAB3C/SYT1/SYN1/RAB3B/SYN2/SNAP91/RAB12/DNAJC6/SLC8A1/PDE2A/SYP/PRNP/CLCN3/SLC1A1/SNAP25/GPM6A/CNTNAP1/APBA1/RIMS1/ERC1/STXBP1/SYT2/VPS35	25	downregulated	DEP + DEG, no DS	FALSE	FALSE
GOBP_REGULATED_EXOCYTOSIS	GOBP_REGULATED_EXOCYTOSIS	15/185	83/3816	7.24608660886253e-06	0.00067997276737566	0.000607450881610328	SYT5/SYT1/SYN1/SYN2/PPP3CB/SYP/SNAP25/RAP1B/SNX4/PREPL/APBA1/RIMS1/STXBP1/SYT2/SYT13	15	downregulated	DEP + DEG, no DS	FALSE	FALSE
GOBP_MONOVALENT_INORGANIC_CATION_HOMEOSTASIS	GOBP_MONOVALENT_INORGANIC_CATION_HOMEOSTASIS	10/185	38/3816	8.12281706845144e-06	0.000712868590315389	0.000636838230052469	ATP6V0A1/SLC8A1/ATP1B3/CLCN3/ATP6AP1/SLC9A7/ATP1A1/SLC9A6/ATP1A3/ATP6V1H	10	downregulated	DEP + DEG, no DS	FALSE	FALSE
GOBP_NEUROTRANSMITTER_TRANSPORT	GOBP_NEUROTRANSMITTER_TRANSPORT	14/185	74/3816	8.50823551953575e-06	0.000712868590315389	0.000636838230052469	SYT5/SYT1/SYN1/RAB3B/SYN2/SYP/SLC1A1/SNAP25/RAP1B/PREPL/APBA1/RIMS1/STXBP1/SYT2	14	downregulated	DEP + DEG, no DS	FALSE	FALSE
GOCC_CYTOSOLIC_RIBOSOME	GOCC_CYTOSOLIC_RIBOSOME	15/185	84/3816	8.45045919570323e-06	0.000712868590315389	0.000636838230052469	RPS3A/RPL23/RPS4X/RPL32/RPS29/RPL7A/RPL35A/RPS27/RPL3/RPL34/RPL4/RPL27A/RPL21/RPS6/RPL18	15	downregulated	DEP + DEG, no DS	TRUE	TRUE
GOBP_CALCIUM_ION_REGULATED_EXOCYTOSIS	GOBP_CALCIUM_ION_REGULATED_EXOCYTOSIS	9/185	31/3816	9.72197733518218e-06	0.000751344932815289	0.000671210912745206	SYT5/SYT1/SYN2/PPP3CB/RAP1B/RIMS1/STXBP1/SYT2/SYT13	9	downregulated	DEP + DEG, no DS	TRUE	FALSE
GOBP_CELL_MORPHOGENESIS_INVOLVED_IN_NEURON_DIFFERENTIATION	GOBP_CELL_MORPHOGENESIS_INVOLVED_IN_NEURON_DIFFERENTIATION	24/185	190/3816	1.00747385344636e-05	0.000751344932815289	0.000671210912745206	DNM3/CRMP1/APLP2/ATP8A2/RAPH1/RET/PPP3CB/GDI1/CNTNAP1/MAP1S/ALCAM/PTPN11/SLIT1/PTPRO/ARHGAP35/HSP90AB1/KIDINS220/STXBP1/SLC9A6/DPYSL2/MAP1B/KIF5A/NUMBL/SLC25A46	24	downregulated	DEP + DEG, no DS	FALSE	FALSE
GOCC_SOMATODENDRITIC_COMPARTMENT	GOCC_SOMATODENDRITIC_COMPARTMENT	31/185	284/3816	1.02485242327746e-05	0.000751344932815289	0.000671210912745206	SYT5/DNM3/SYN1/CRMP1/PDE1C/RAP1GAP/PDE1B/RPTOR/SLC8A1/CAPN2/RET/PRNP/GDI1/SLC1A1/SNAP25/CD200/GPM6A/MAP1S/WASF1/RACK1/ALCAM/APBA1/PTPRO/NSF/HSP90AB1/CPEB4/MAP1B/RPS6/KIF5A/VPS35/ATP1A3	31	downregulated	DEP + DEG, no DS	TRUE	TRUE
GOMF_CATION_TRANSMEMBRANE_TRANSPORTER_ACTIVITY	GOMF_CATION_TRANSMEMBRANE_TRANSPORTER_ACTIVITY	17/185	106/3816	9.452600643054e-06	0.000751344932815289	0.000671210912745206	ATP8A1/ATP6V0A1/SLC8A1/NNT/ATP6V1A/CLCN3/SLC1A1/SNAP25/GPM6A/SLC9A7/SLC44A2/ATP1A1/SLC7A5/SLC9A6/ATP6V1B2/ATP1A3/ATP6V1H	17	downregulated	DEP + DEG, no DS	FALSE	FALSE
GOBP_REGULATION_OF_SECRETION	GOBP_REGULATION_OF_SECRETION	21/185	154/3816	1.15001804400342e-05	0.000817558282191522	0.000730362336717961	SYT5/RAB3C/SYT1/SYN1/RAB3B/RAB12/PPP3CB/SYP/SNAP25/CD200/RAP1B/SNX4/PREPL/PTPN11/APBA1/NSF/RIMS1/STXBP1/SYT2/SYT13/VPS35	21	downregulated	DEP + DEG, no DS	FALSE	FALSE
GOBP_REGULATION_OF_REGULATED_SECRETORY_PATHWAY	GOBP_REGULATION_OF_REGULATED_SECRETORY_PATHWAY	11/185	48/3816	1.21025390827009e-05	0.000835075196706361	0.000746011000422832	SYT5/SYT1/SYN1/SYP/RAP1B/SNX4/PREPL/APBA1/STXBP1/SYT2/SYT13	11	downregulated	DEP + DEG, no DS	FALSE	FALSE
GOBP_DENDRITE_EXTENSION	GOBP_DENDRITE_EXTENSION	6/185	13/3816	1.54644304780815e-05	0.00103655868290226	0.000926005446070987	SYT1/WASF1/RIMS1/CYFIP2/SLC9A6/SYT2	6	downregulated	DEP + DEG, no DS	TRUE	TRUE
GOMF_INORGANIC_MOLECULAR_ENTITY_TRANSMEMBRANE_TRANSPORTER_ACTIVITY	GOMF_INORGANIC_MOLECULAR_ENTITY_TRANSMEMBRANE_TRANSPORTER_ACTIVITY	17/185	111/3816	1.78034475354799e-05	0.00116019133106211	0.00103645216500411	ATP8A1/ATP6V0A1/SLC8A1/CLCN6/NNT/ATP6V1A/XPR1/CLCN3/SLC1A1/SNAP25/GPM6A/SLC9A7/ATP1A1/SLC9A6/ATP6V1B2/ATP1A3/ATP6V1H	17	downregulated	DEP + DEG, no DS	FALSE	FALSE
GOBP_CELL_MORPHOGENESIS_INVOLVED_IN_DIFFERENTIATION	GOBP_CELL_MORPHOGENESIS_INVOLVED_IN_DIFFERENTIATION	26/185	225/3816	2.13623964508223e-05	0.00135449140739538	0.00121002934092709	DNM3/CRMP1/APLP2/ATP8A2/RAPH1/WDR1/RET/PPP3CB/GDI1/CNTNAP1/MAP1S/ALCAM/PTPN11/SLIT1/PTPRO/ARHGAP35/HSP90AB1/KIDINS220/STXBP1/SLC9A6/DPYSL2/MAP1B/KIF5A/NUMBL/RAB1A/SLC25A46	26	downregulated	DEP + DEG, no DS	FALSE	FALSE
GOBP_SYNAPTIC_VESICLE_EXOCYTOSIS	GOBP_SYNAPTIC_VESICLE_EXOCYTOSIS	11/185	51/3816	2.2446134887172e-05	0.00138575348540278	0.00123795719003766	SYT5/SYT1/SYN1/SYP/SNAP25/RAP1B/PREPL/APBA1/RIMS1/STXBP1/SYT2	11	downregulated	DEP + DEG, no DS	FALSE	FALSE
GOBP_REGULATION_OF_TRANSPORT	GOBP_REGULATION_OF_TRANSPORT	42/185	461/3816	2.35604639706598e-05	0.00141725252500431	0.00126609672781603	TARDBP/ATP8A1/SYT5/DNM3/RAB3C/SYT1/SYN1/RAB3B/ATP8A2/SNAP91/RAB12/WDR1/DNAJC6/SLC8A1/PPP3CB/SYP/PRNP/PTPN1/ATP1B3/GDI1/SLC1A1/SNAP25/CD200/RAP1B/SNX4/PREPL/RACK1/PTPN11/ATP1A1/APBA1/NSF/RIMS1/HSP90AB1/XPO4/STXBP1/SYT2/ANKFY1/SYT13/ARHGAP1/MAP1B/VPS35/TOMM70	42	downregulated	DEP + DEG, no DS	TRUE	FALSE
GOBP_DEVELOPMENTAL_GROWTH	GOBP_DEVELOPMENTAL_GROWTH	20/185	150/3816	2.64617265285241e-05	0.00148835157145988	0.00132961276922719	SYT1/ATP8A2/RAPH1/PPP3CB/GDI1/WASF1/ALCAM/PTPN11/PLEKHA1/APBA1/SLIT1/RIMS1/CYFIP2/HSP90AB1/PLCB1/SLC9A6/SYT2/DPYSL2/MAP1B/TOMM70	20	downregulated	DEP + DEG, no DS	FALSE	FALSE
GOBP_IMPORT_INTO_CELL	GOBP_IMPORT_INTO_CELL	11/185	52/3816	2.72801012671675e-05	0.00148835157145988	0.00132961276922719	RAB3B/SLC8A1/PRNP/ATP1B3/SLC1A1/SNAP25/SLC9A7/ATP1A1/SLC7A5/SLC9A6/ATP1A3	11	downregulated	DEP + DEG, no DS	TRUE	FALSE
GOCC_CELL_BODY	GOCC_CELL_BODY	23/185	188/3816	2.66521212400613e-05	0.00148835157145988	0.00132961276922719	SYT5/CRMP1/PDE1C/RAP1GAP/PDE1B/RPTOR/SLC8A1/CAPN2/RET/GDI1/SLC1A1/CD200/GPM6A/MAP1S/RACK1/ALCAM/HSP90AB1/DPYSL3/MAP1B/RPS6/KIF5A/VPS35/ATP1A3	23	downregulated	DEP + DEG, no DS	FALSE	FALSE
GOCC_EXOCYTIC_VESICLE	GOCC_EXOCYTIC_VESICLE	15/185	92/3816	2.6511291244058e-05	0.00148835157145988	0.00132961276922719	SYT5/RAB3C/SYT1/SYN1/RAB3B/SYN2/SNAP91/RAB12/SYP/CLCN3/SNAP25/APBA1/SYT2/SYT13/DPYSL3	15	downregulated	DEP + DEG, no DS	FALSE	FALSE
GOBP_EXOCYTOSIS	GOBP_EXOCYTOSIS	19/185	139/3816	2.98763424722525e-05	0.00157557115273725	0.00140753002427418	SYT5/RAB3C/SYT1/SYN1/RAB3B/SYN2/RAB12/PPP3CB/SYP/SNAP25/RAP1B/SNX4/PREPL/APBA1/NSF/RIMS1/STXBP1/SYT2/SYT13	19	downregulated	DEP + DEG, no DS	FALSE	FALSE
GOBP_NEUROTRANSMITTER_SECRETION	GOBP_NEUROTRANSMITTER_SECRETION	12/185	62/3816	3.02219530576199e-05	0.00157557115273725	0.00140753002427418	SYT5/SYT1/SYN1/SYN2/SYP/SNAP25/RAP1B/PREPL/APBA1/RIMS1/STXBP1/SYT2	12	downregulated	DEP + DEG, no DS	FALSE	FALSE
GOBP_CELL_GROWTH	GOBP_CELL_GROWTH	19/185	140/3816	3.31137371070794e-05	0.00168880059246105	0.00150868307963833	SYT1/RAPH1/RPTOR/PPP3CB/GDI1/WASF1/RACK1/ALCAM/SLIT1/RIMS1/CYFIP2/HSP90AB1/RPS6KA1/SLC9A6/SYT2/DPYSL2/MAP1B/SPOCK1/TOMM70	19	downregulated	DEP + DEG, no DS	FALSE	FALSE
GOCC_PRESYNAPTIC_MEMBRANE	GOCC_PRESYNAPTIC_MEMBRANE	11/185	54/3816	3.96987567647187e-05	0.00198155922063894	0.00177021779884781	SYT1/SNAP91/PDE2A/SYP/SNAP25/GPM6A/CNTNAP1/APBA1/RIMS1/ERC1/STXBP1	11	downregulated	DEP + DEG, no DS	TRUE	FALSE
GOMF_SECONDARY_ACTIVE_TRANSMEMBRANE_TRANSPORTER_ACTIVITY	GOMF_SECONDARY_ACTIVE_TRANSMEMBRANE_TRANSPORTER_ACTIVITY	9/185	37/3816	4.65615051745193e-05	0.00227569356540463	0.00203298150882605	SLC25A1/SLC8A1/CLCN6/CLCN3/SLC1A1/SLC9A7/SLC7A5/SLC9A6/ATP1A3	9	downregulated	DEP + DEG, no DS	FALSE	FALSE
GOBP_INORGANIC_ION_IMPORT_ACROSS_PLASMA_MEMBRANE	GOBP_INORGANIC_ION_IMPORT_ACROSS_PLASMA_MEMBRANE	7/185	22/3816	5.15495905845884e-05	0.00241870679022889	0.00216074178639822	SLC8A1/PRNP/ATP1B3/SLC9A7/ATP1A1/SLC9A6/ATP1A3	7	downregulated	DEP + DEG, no DS	FALSE	FALSE
GOCC_PLASMA_MEMBRANE_REGION	GOCC_PLASMA_MEMBRANE_REGION	30/185	293/3816	5.10146917803962e-05	0.00241870679022889	0.00216074178639822	DNM3/SYT1/RHOB/NECAP1/SNAP91/SLC8A1/PDE2A/SYP/ATP6V1A/ATP1B3/CLCN3/SLC1A1/SNAP25/GPM6A/CNTNAP1/AP2A2/ATP1A1/NCKAP1/PLEKHA1/APBA1/PTPRO/ATAT1/RIMS1/HSP90AB1/ERC1/PKN1/SLC7A5/STXBP1/ATP6V1B2/ATP1A3	30	downregulated	DEP + DEG, no DS	TRUE	TRUE
GOMF_TRANSPORTER_ACTIVITY	GOMF_TRANSPORTER_ACTIVITY	25/185	224/3816	5.66367175314774e-05	0.00260528900644796	0.00232742424365679	ATP8A1/SYN1/SLC25A1/ATP6V0A1/ATP8A2/SLC8A1/CLCN6/NNT/ATP6V1A/XPR1/CLCN3/SLC1A1/SNAP25/GPM6A/SLC25A12/SLC9A7/SLC44A2/ATP1A1/SLC7A5/SLC9A6/NDUFV1/ATP6V1B2/TOMM70/ATP1A3/ATP6V1H	25	downregulated	DEP + DEG, no DS	FALSE	FALSE
GOBP_IMPORT_ACROSS_PLASMA_MEMBRANE	GOBP_IMPORT_ACROSS_PLASMA_MEMBRANE	9/185	38/3816	5.84907532074369e-05	0.00263883282739706	0.00235739047846168	SLC8A1/PRNP/ATP1B3/SLC1A1/SLC9A7/ATP1A1/SLC7A5/SLC9A6/ATP1A3	9	downregulated	DEP + DEG, no DS	FALSE	FALSE
GOMF_ATPASE_COUPLED_TRANSMEMBRANE_TRANSPORTER_ACTIVITY	GOMF_ATPASE_COUPLED_TRANSMEMBRANE_TRANSPORTER_ACTIVITY	8/185	30/3816	6.11965525192834e-05	0.00270881343792904	0.00241990736972976	ATP8A1/CLCN6/ATP6V1A/SLC1A1/ATP1A1/ATP6V1B2/ATP1A3/ATP6V1H	8	downregulated	DEP + DEG, no DS	FALSE	TRUE
GOBP_CATION_TRANSPORT	GOBP_CATION_TRANSPORT	26/185	240/3816	6.64252458287352e-05	0.00288580790211505	0.00257802464805091	ATP8A1/SYT5/SYT1/RAB3B/SLC8A1/NNT/ATP6V1A/PRNP/ATP1B3/CLCN3/SLC1A1/SNAP25/GPM6A/SNX4/SLC9A7/SLC44A2/ATP1A1/NSF/SLC7A5/SLC9A6/SYT2/SYT13/ARHGAP1/ATP6V1B2/ATP1A3/ATP6V1H	26	downregulated	DEP + DEG, no DS	FALSE	FALSE
GOBP_REGULATION_OF_NEUROTRANSMITTER_TRANSPORT	GOBP_REGULATION_OF_NEUROTRANSMITTER_TRANSPORT	9/185	39/3816	7.28972094784235e-05	0.00305387238279253	0.00272816436224701	SYT1/SYN1/RAB3B/SYP/RAP1B/PREPL/APBA1/RIMS1/STXBP1	9	downregulated	DEP + DEG, no DS	FALSE	FALSE
GOBP_SYNAPTIC_SIGNALING	GOBP_SYNAPTIC_SIGNALING	23/185	200/3816	7.21748523589504e-05	0.00305387238279253	0.00272816436224701	SYT5/SYT1/SYN1/RAB3B/SYN2/PPP3CB/SYP/PRNP/PLCL2/CLCN3/SLC1A1/SNAP25/RAP1B/PREPL/APBA1/RIMS1/ERC1/RPS6KA1/PLCB1/STXBP1/SYT2/MAP1B/KIF5A	23	downregulated	DEP + DEG, no DS	FALSE	FALSE
GOMF_ACTIVE_TRANSMEMBRANE_TRANSPORTER_ACTIVITY	GOMF_ACTIVE_TRANSMEMBRANE_TRANSPORTER_ACTIVITY	15/185	101/3816	8.18008374207441e-05	0.00336675025594852	0.00300767252640261	ATP8A1/SLC25A1/SLC8A1/CLCN6/ATP6V1A/CLCN3/SLC1A1/SLC9A7/ATP1A1/SLC7A5/SLC9A6/NDUFV1/ATP6V1B2/ATP1A3/ATP6V1H	15	downregulated	DEP + DEG, no DS	FALSE	FALSE
GOBP_REGULATION_OF_VESICLE_MEDIATED_TRANSPORT	GOBP_REGULATION_OF_VESICLE_MEDIATED_TRANSPORT	22/185	189/3816	8.72908757820494e-05	0.00351967974041515	0.00314429145383702	SYT5/RAB3C/SYT1/SYN1/RAB3B/SNAP91/RAB12/DNAJC6/PPP3CB/SYP/PTPN1/RAP1B/SNX4/PREPL/RACK1/APBA1/NSF/STXBP1/SYT2/ANKFY1/SYT13/ARHGAP1	22	downregulated	DEP + DEG, no DS	FALSE	FALSE
GOCC_CYTOSOLIC_LARGE_RIBOSOMAL_SUBUNIT	GOCC_CYTOSOLIC_LARGE_RIBOSOMAL_SUBUNIT	10/185	49/3816	8.85170949209266e-05	0.00351967974041515	0.00314429145383702	RPL23/RPL32/RPL7A/RPL35A/RPL3/RPL34/RPL4/RPL27A/RPL21/RPL18	10	downregulated	DEP + DEG, no DS	FALSE	FALSE
GOBP_PROTON_TRANSMEMBRANE_TRANSPORT	GOBP_PROTON_TRANSMEMBRANE_TRANSPORT	9/185	40/3816	9.01769101475084e-05	0.00352591718676758	0.00314986365094192	NNT/ATP6V1A/CLCN3/SLC9A7/ATP1A1/SLC9A6/ATP6V1B2/ATP1A3/ATP6V1H	9	downregulated	DEP + DEG, no DS	FALSE	FALSE
GOBP_REGULATION_OF_CALCIUM_ION_DEPENDENT_EXOCYTOSIS	GOBP_REGULATION_OF_CALCIUM_ION_DEPENDENT_EXOCYTOSIS	6/185	17/3816	9.47135599141179e-05	0.00364259035341837	0.00325409314562569	SYT5/SYT1/RAP1B/STXBP1/SYT2/SYT13	6	downregulated	DEP + DEG, no DS	FALSE	TRUE
GOMF_PROTON_TRANSMEMBRANE_TRANSPORTER_ACTIVITY	GOMF_PROTON_TRANSMEMBRANE_TRANSPORTER_ACTIVITY	8/185	33/3816	0.000128042988754357	0.00484498147770518	0.00432824432274914	ATP6V0A1/NNT/ATP6V1A/CLCN3/SLC9A7/SLC9A6/ATP6V1B2/ATP6V1H	8	downregulated	DEP + DEG, no DS	TRUE	FALSE
GOMF_ANTIPORTER_ACTIVITY	GOMF_ANTIPORTER_ACTIVITY	6/185	18/3816	0.000136392321517074	0.0050789902583977	0.00453729510677517	SLC8A1/CLCN6/CLCN3/SLC9A7/SLC9A6/ATP1A3	6	downregulated	DEP + DEG, no DS	TRUE	FALSE
GOCC_SYNAPTIC_MEMBRANE	GOCC_SYNAPTIC_MEMBRANE	15/185	106/3816	0.000143819947117935	0.00527189993654179	0.00470963017618105	DNM3/SYT1/SNAP91/SLC8A1/PDE2A/SYP/CLCN3/SNAP25/GPM6A/CNTNAP1/APBA1/PTPRO/RIMS1/ERC1/STXBP1	15	downregulated	DEP + DEG, no DS	FALSE	FALSE
GOBP_ANION_TRANSMEMBRANE_TRANSPORT	GOBP_ANION_TRANSMEMBRANE_TRANSPORT	10/185	52/3816	0.000150056270494049	0.00532784967926452	0.00475961264926444	SLC25A1/CLCN6/PRNP/XPR1/CLCN3/SLC1A1/SLC25A12/SLC9A7/SLC7A5/SLC9A6	10	downregulated	DEP + DEG, no DS	TRUE	TRUE
GOBP_CALCIUM_ION_REGULATED_EXOCYTOSIS_OF_NEUROTRANSMITTER	GOBP_CALCIUM_ION_REGULATED_EXOCYTOSIS_OF_NEUROTRANSMITTER	5/185	12/3816	0.000152159389817017	0.00532784967926452	0.00475961264926444	SYT5/SYT1/RIMS1/STXBP1/SYT2	5	downregulated	DEP + DEG, no DS	FALSE	FALSE
GOCC_PROTON_TRANSPORTING_V_TYPE_ATPASE_COMPLEX	GOCC_PROTON_TRANSPORTING_V_TYPE_ATPASE_COMPLEX	5/185	12/3816	0.000152159389817017	0.00532784967926452	0.00475961264926444	ATP6V0A1/ATP6V1A/ATP6AP1/ATP6V1B2/ATP6V1H	5	downregulated	DEP + DEG, no DS	TRUE	FALSE
GOBP_CYTOPLASMIC_TRANSLATION	GOBP_CYTOPLASMIC_TRANSLATION	16/185	119/3816	0.000159728237665105	0.00545988130148041	0.00487756255720711	RPS3A/RPL23/RPS4X/RPL32/RPS29/RPL7A/RPL35A/RPS27/CPEB4/RPL3/RPL34/RPL4/RPL27A/RPL21/RPS6/RPL18	16	downregulated	DEP + DEG, no DS	FALSE	FALSE
GOBP_PRESYNAPTIC_ENDOCYTOSIS	GOBP_PRESYNAPTIC_ENDOCYTOSIS	8/185	34/3816	0.000160584744161188	0.00545988130148041	0.00487756255720711	SYT5/DNM3/SYT1/SNAP91/DNAJC6/PPP3CB/SYP/SYT2	8	downregulated	DEP + DEG, no DS	TRUE	FALSE
GOMF_CALCIUM_ION_BINDING	GOMF_CALCIUM_ION_BINDING	15/185	108/3816	0.000178266468025792	0.00597447334269298	0.00533727124570455	SYT5/SYT1/SLC8A1/CAPN2/RET/PPP3CB/PRNP/PCDHA4/SLC25A12/SLIT1/PLCB1/SYT2/SYT13/RHOT1/SPOCK1	15	downregulated	DEP + DEG, no DS	TRUE	TRUE
GOBP_ANION_TRANSPORT	GOBP_ANION_TRANSPORT	13/185	85/3816	0.000182623535211942	0.00603429314939742	0.00539071102456601	SLC25A1/AKR1C1/CLCN6/PRNP/XPR1/CLCN3/SLC1A1/SLC25A12/SLC9A7/APBA1/SLC7A5/STXBP1/SLC9A6	13	downregulated	DEP + DEG, no DS	FALSE	FALSE
GOBP_GROWTH	GOBP_GROWTH	24/185	227/3816	0.00019086018166442	0.00621886091923235	0.00555559388441316	SYT1/ATP8A2/RAPH1/RPTOR/PPP3CB/GDI1/WASF1/RACK1/ALCAM/PTPN11/PLEKHA1/APBA1/SLIT1/RIMS1/CYFIP2/HSP90AB1/RPS6KA1/PLCB1/SLC9A6/SYT2/DPYSL2/MAP1B/SPOCK1/TOMM70	24	downregulated	DEP + DEG, no DS	FALSE	FALSE
GOCC_PROTON_TRANSPORTING_TWO_SECTOR_ATPASE_COMPLEX	GOCC_PROTON_TRANSPORTING_TWO_SECTOR_ATPASE_COMPLEX	5/185	13/3816	0.000237593739403853	0.00763554674851288	0.00682118435692966	ATP6V0A1/ATP6V1A/ATP6AP1/ATP6V1B2/ATP6V1H	5	downregulated	DEP + DEG, no DS	FALSE	FALSE
GOCC_PRESYNAPTIC_ACTIVE_ZONE	GOCC_PRESYNAPTIC_ACTIVE_ZONE	8/185	36/3816	0.000246185603689632	0.0078047490034578	0.00697234049709897	SYN1/SYP/GPM6A/CNTNAP1/APBA1/RIMS1/ERC1/STXBP1	8	downregulated	DEP + DEG, no DS	FALSE	TRUE
GOMF_ATPASE_COUPLED_CATION_TRANSMEMBRANE_TRANSPORTER_ACTIVITY	GOMF_ATPASE_COUPLED_CATION_TRANSMEMBRANE_TRANSPORTER_ACTIVITY	6/185	20/3816	0.000262491615391845	0.00821073772945692	0.00733502885958125	ATP8A1/ATP6V1A/ATP1A1/ATP6V1B2/ATP1A3/ATP6V1H	6	downregulated	DEP + DEG, no DS	TRUE	FALSE
GOBP_CELL_CELL_SIGNALING	GOBP_CELL_CELL_SIGNALING	32/185	352/3816	0.000279511008462503	0.00862806349806621	0.00770784512256016	SYT5/SYT1/SYN1/RAB3B/SYN2/PPP3CB/SYP/RAF1/PRNP/PLCL2/CLCN3/SLC1A1/SNAP25/RAP1B/SNX4/PREPL/RACK1/PTPN11/APBA1/PTPRO/RIMS1/ERC1/RPS6KA1/PLCB1/STXBP1/MPZL1/SYT2/SYT13/MAP1B/KIF5A/VPS35/RAB1A	32	downregulated	DEP + DEG, no DS	TRUE	FALSE
GOBP_NEGATIVE_REGULATION_OF_CELL_PROJECTION_ORGANIZATION	GOBP_NEGATIVE_REGULATION_OF_CELL_PROJECTION_ORGANIZATION	10/185	56/3816	0.00028511371715726	0.00868671143442769	0.00776023801585926	DNM3/PTPN9/CRMP1/RAP1GAP/PRNP/GDI1/SLIT1/PTPRO/DPYSL3/SPOCK1	10	downregulated	DEP + DEG, no DS	TRUE	TRUE
GOCC_NEURON_TO_NEURON_SYNAPSE	GOCC_NEURON_TO_NEURON_SYNAPSE	17/185	138/3816	0.000294011043535883	0.00884294754019462	0.00789981089986427	DNM3/SYT1/SYN1/SYN2/DNAJC6/SLC8A1/PRNP/SLC1A1/ATP1A1/RPS27/PTPRO/NSF/CPEB4/MAP1B/SPOCK1/VPS35/ATP1A3	17	downregulated	DEP + DEG, no DS	TRUE	TRUE
GOBP_SECRETION	GOBP_SECRETION	24/185	235/3816	0.000324955392746783	0.00964994115675889	0.008620735335894	SYT5/RAB3C/SYT1/SYN1/RAB3B/SYN2/RAB12/PPP3CB/SYP/RAF1/SNAP25/CD200/RAP1B/SNX4/PREPL/PTPN11/APBA1/NSF/RIMS1/STXBP1/SYT2/SYT13/VPS35/RAB1A	24	downregulated	DEP + DEG, no DS	FALSE	FALSE
GOBP_AXON_EXTENSION	GOBP_AXON_EXTENSION	9/185	47/3816	0.000334650612624539	0.00981362921521461	0.00876696539125601	RAPH1/PPP3CB/GDI1/ALCAM/SLIT1/HSP90AB1/SLC9A6/DPYSL2/MAP1B	9	downregulated	DEP + DEG, no DS	FALSE	TRUE
GOBP_PROTEIN_LOCALIZATION_TO_CELL_PERIPHERY	GOBP_PROTEIN_LOCALIZATION_TO_CELL_PERIPHERY	16/185	127/3816	0.000343854328911602	0.00995904019292121	0.00889686769152696	RAB3C/PTPN9/MYO5A/RAB3B/RAB12/PRNP/ATP1B3/SLC1A1/SNAP25/ATP6AP1/EFR3B/PREPL/RACK1/NSF/STXBP1/VPS35	16	downregulated	DEP + DEG, no DS	TRUE	TRUE
GOMF_SODIUM_ION_TRANSMEMBRANE_TRANSPORTER_ACTIVITY	GOMF_SODIUM_ION_TRANSMEMBRANE_TRANSPORTER_ACTIVITY	6/185	21/3816	0.000352834125734191	0.0100944982801514	0.00901787861793036	SLC8A1/SLC1A1/SLC9A7/ATP1A1/SLC9A6/ATP1A3	6	downregulated	DEP + DEG, no DS	FALSE	FALSE
GOBP_REGULATION_OF_TRANS_SYNAPTIC_SIGNALING	GOBP_REGULATION_OF_TRANS_SYNAPTIC_SIGNALING	16/185	131/3816	0.000490760942322823	0.0138713875986668	0.012391947192958	SYT1/SYN1/PPP3CB/SYP/PRNP/PLCL2/SLC1A1/SNAP25/RAP1B/PREPL/APBA1/RIMS1/ERC1/PLCB1/STXBP1/MAP1B	16	downregulated	DEP + DEG, no DS	FALSE	FALSE
GOBP_ION_TRANSMEMBRANE_TRANSPORT	GOBP_ION_TRANSMEMBRANE_TRANSPORT	22/185	213/3816	0.000500756596713468	0.013965676138069	0.0124761794727399	ATP8A1/SLC25A1/WDR1/SLC8A1/CLCN6/NNT/ATP6V1A/PRNP/ATP1B3/XPR1/CLCN3/SLC1A1/SNAP25/GPM6A/SLC25A12/SLC9A7/ATP1A1/SLC7A5/SLC9A6/ATP6V1B2/ATP1A3/ATP6V1H	22	downregulated	DEP + DEG, no DS	FALSE	FALSE
GOBP_NEUROTROPHIN_SIGNALING_PATHWAY	GOBP_NEUROTROPHIN_SIGNALING_PATHWAY	5/185	15/3816	0.000511955732256579	0.013965676138069	0.0124761794727399	RAF1/WASF1/PTPN11/CYFIP2/KIDINS220	5	downregulated	DEP + DEG, no DS	TRUE	TRUE
GOMF_POTASSIUM_ION_TRANSMEMBRANE_TRANSPORTER_ACTIVITY	GOMF_POTASSIUM_ION_TRANSMEMBRANE_TRANSPORTER_ACTIVITY	5/185	15/3816	0.000511955732256579	0.013965676138069	0.0124761794727399	SNAP25/SLC9A7/ATP1A1/SLC9A6/ATP1A3	5	downregulated	DEP + DEG, no DS	TRUE	FALSE
GOCC_TRANSPORT_VESICLE	GOCC_TRANSPORT_VESICLE	17/185	145/3816	0.00053138774470882	0.0143291453918034	0.0128008832391441	SYT5/RAB3C/SYT1/SYN1/RAB3B/SYN2/SNAP91/RAB12/SYP/ATP6V1A/CLCN3/SNAP25/APBA1/SYT2/SYT13/DPYSL3/RAB1A	17	downregulated	DEP + DEG, no DS	TRUE	FALSE
GOCC_POSTSYNAPSE	GOCC_POSTSYNAPSE	23/185	230/3816	0.000591341356284864	0.0157646229755033	0.0140832612483632	DNM3/SYN1/SYN2/DNAJC6/SLC8A1/PRNP/DYNLL2/CLCN3/SLC1A1/SNAP25/GPM6A/WASF1/ATP1A1/APBA1/RPS27/PTPRO/NSF/CPEB4/PLCB1/STXBP1/MAP1B/SPOCK1/VPS35	23	downregulated	DEP + DEG, no DS	FALSE	FALSE
GOBP_REGULATION_OF_CELLULAR_PH	GOBP_REGULATION_OF_CELLULAR_PH	6/185	23/3816	0.000605129210631361	0.0157737014237908	0.0140913714428894	ATP6V0A1/CLCN3/ATP6AP1/SLC9A7/SLC9A6/ATP6V1H	6	downregulated	DEP + DEG, no DS	FALSE	FALSE
GOBP_REGULATION_OF_PH	GOBP_REGULATION_OF_PH	6/185	23/3816	0.000605129210631361	0.0157737014237908	0.0140913714428894	ATP6V0A1/CLCN3/ATP6AP1/SLC9A7/SLC9A6/ATP6V1H	6	downregulated	DEP + DEG, no DS	FALSE	FALSE
GOBP_NEGATIVE_REGULATION_OF_NEURON_PROJECTION_DEVELOPMENT	GOBP_NEGATIVE_REGULATION_OF_NEURON_PROJECTION_DEVELOPMENT	8/185	41/3816	0.000630999590949943	0.0162673081359183	0.0145323329737575	DNM3/PTPN9/CRMP1/GDI1/SLIT1/PTPRO/DPYSL3/SPOCK1	8	downregulated	DEP + DEG, no DS	FALSE	FALSE
GOBP_PROTEIN_LOCALIZATION_TO_PLASMA_MEMBRANE	GOBP_PROTEIN_LOCALIZATION_TO_PLASMA_MEMBRANE	14/185	109/3816	0.000667015136231683	0.0170088859739079	0.0151948184924174	RAB3C/PTPN9/MYO5A/RAB3B/RAB12/PRNP/ATP1B3/ATP6AP1/EFR3B/PREPL/RACK1/NSF/STXBP1/VPS35	14	downregulated	DEP + DEG, no DS	FALSE	FALSE
GOBP_CELLULAR_HOMEOSTASIS	GOBP_CELLULAR_HOMEOSTASIS	20/185	190/3816	0.000715446217458448	0.0180477078081454	0.0161228457154473	ATP6V0A1/SLC8A1/CLCN6/PPP3CB/RAF1/ATP6V1A/PRNP/ATP1B3/TXNRD1/XPR1/CLCN3/SLC1A1/ATP6AP1/SLC9A7/RACK1/ATP1A1/SLC9A6/RHOT1/ATP1A3/ATP6V1H	20	downregulated	DEP + DEG, no DS	FALSE	FALSE
GOCC_RIBOSOMAL_SUBUNIT	GOCC_RIBOSOMAL_SUBUNIT	16/185	136/3816	0.000747758431837892	0.0184656976957021	0.0164962552663628	RPS3A/RPL23/RPS4X/RPL32/RACK1/RPS29/RPL7A/RPL35A/RPS27/RPL3/RPL34/RPL4/RPL27A/RPL21/RPS6/RPL18	16	downregulated	DEP + DEG, no DS	FALSE	FALSE
GOCC_SYNAPTIC_VESICLE_MEMBRANE	GOCC_SYNAPTIC_VESICLE_MEMBRANE	8/185	42/3816	0.000747667257938007	0.0184656976957021	0.0164962552663628	SYT5/RAB3C/SYT1/SYN1/RAB3B/SYN2/SYP/SYT2	8	downregulated	DEP + DEG, no DS	TRUE	FALSE
GOBP_POTASSIUM_ION_TRANSPORT	GOBP_POTASSIUM_ION_TRANSPORT	8/185	43/3816	0.000881102424283341	0.0213099617254507	0.0190371668665017	PRNP/ATP1B3/SNAP25/SLC9A7/ATP1A1/NSF/SLC9A6/ATP1A3	8	downregulated	DEP + DEG, no DS	FALSE	FALSE
GOBP_SYNAPTIC_VESICLE_RECYCLING	GOBP_SYNAPTIC_VESICLE_RECYCLING	8/185	43/3816	0.000881102424283341	0.0213099617254507	0.0190371668665017	SYT5/DNM3/SYT1/SNAP91/DNAJC6/PPP3CB/SYP/SYT2	8	downregulated	DEP + DEG, no DS	FALSE	FALSE
GOBP_NEUROTROPHIN_TRK_RECEPTOR_SIGNALING_PATHWAY	GOBP_NEUROTROPHIN_TRK_RECEPTOR_SIGNALING_PATHWAY	4/185	10/3816	0.000892162453555378	0.0213572766942951	0.0190794354997718	RAF1/WASF1/PTPN11/CYFIP2	4	downregulated	DEP + DEG, no DS	FALSE	FALSE
GOBP_AMINE_TRANSPORT	GOBP_AMINE_TRANSPORT	6/185	25/3816	0.000978871842323772	0.0225259652660598	0.020123478639891	SYT5/SYT1/RAB3B/STXBP1/SYT2/SYT13	6	downregulated	DEP + DEG, no DS	FALSE	FALSE
GOBP_REGULATION_OF_SYNAPTIC_VESICLE_EXOCYTOSIS	GOBP_REGULATION_OF_SYNAPTIC_VESICLE_EXOCYTOSIS	6/185	25/3816	0.000978871842323772	0.0225259652660598	0.020123478639891	SYT1/SYN1/SYP/RAP1B/PREPL/APBA1	6	downregulated	DEP + DEG, no DS	TRUE	FALSE
GOCC_DENDRITIC_TREE	GOCC_DENDRITIC_TREE	22/185	224/3816	0.000999832017304608	0.0225259652660598	0.020123478639891	DNM3/SYN1/RAP1GAP/RPTOR/SLC8A1/CAPN2/RET/PRNP/SLC1A1/GPM6A/MAP1S/WASF1/RACK1/ALCAM/APBA1/PTPRO/NSF/HSP90AB1/CPEB4/MAP1B/RPS6/KIF5A	22	downregulated	DEP + DEG, no DS	FALSE	FALSE
GOCC_INTRINSIC_COMPONENT_OF_PLASMA_MEMBRANE	GOCC_INTRINSIC_COMPONENT_OF_PLASMA_MEMBRANE	18/185	167/3816	0.00100819537635818	0.0225259652660598	0.020123478639891	SLC8A1/RET/PRNP/PCDHA4/ATP1B3/XPR1/CLCN3/SLC1A1/CD200/GPM6A/CNTNAP1/ALCAM/ATP1A1/PTPRO/TRAF3/MPZL1/SYT13/ATP1A3	18	downregulated	DEP + DEG, no DS	FALSE	TRUE
GOCC_VESICLE_MEMBRANE	GOCC_VESICLE_MEMBRANE	31/185	362/3816	0.000997263871035869	0.0225259652660598	0.020123478639891	ATP8A1/SYT5/RAB3C/SYT1/SYN1/RHOB/RAB3B/APLP2/ATP6V0A1/SYN2/NECAP1/RAB12/CLCN6/RET/SYP/CLCN3/SLC1A1/SNAP25/RAP1B/ATP6AP1/AP2A2/SNX4/SLC9A7/SLC44A2/SLC9A6/SYT2/ANKFY1/ARHGAP1/RAB9B/VPS35/RAB1A	31	downregulated	DEP + DEG, no DS	FALSE	TRUE
GOMF_ANION_TRANSMEMBRANE_TRANSPORTER_ACTIVITY	GOMF_ANION_TRANSMEMBRANE_TRANSPORTER_ACTIVITY	9/185	54/3816	0.00097328490481749	0.0225259652660598	0.020123478639891	SLC25A1/CLCN6/XPR1/CLCN3/SLC1A1/SLC25A12/SLC9A7/SLC7A5/SLC9A6	9	downregulated	DEP + DEG, no DS	FALSE	FALSE
GOMF_CLATHRIN_BINDING	GOMF_CLATHRIN_BINDING	7/185	34/3816	0.000990514615200596	0.0225259652660598	0.020123478639891	SYT5/SYT1/SNAP91/DNAJC6/AP2A2/SYT2/SYT13	7	downregulated	DEP + DEG, no DS	FALSE	FALSE
GOMF_STRUCTURAL_CONSTITUENT_OF_RIBOSOME	GOMF_STRUCTURAL_CONSTITUENT_OF_RIBOSOME	15/185	127/3816	0.00105124110507351	0.0232661474764382	0.0207847173803511	RPS3A/RPL23/RPS4X/RPL32/RPS29/RPL7A/RPL35A/RPS27/RPL3/RPL34/RPL4/RPL27A/RPL21/RPS6/RPL18	15	downregulated	DEP + DEG, no DS	FALSE	FALSE
GOBP_POSITIVE_REGULATION_OF_DEVELOPMENTAL_GROWTH	GOBP_POSITIVE_REGULATION_OF_DEVELOPMENTAL_GROWTH	7/185	35/3816	0.00118823191128904	0.0260522622792906	0.0232736816072453	SYT1/ATP8A2/GDI1/RIMS1/PLCB1/SYT2/MAP1B	7	downregulated	DEP + DEG, no DS	TRUE	FALSE
GOBP_DOPAMINE_TRANSPORT	GOBP_DOPAMINE_TRANSPORT	5/185	18/3816	0.00129666492337168	0.0279080358736693	0.0249315293330083	SYT5/SYT1/RAB3B/SYT2/SYT13	5	downregulated	DEP + DEG, no DS	TRUE	FALSE
GOBP_INORGANIC_ANION_TRANSMEMBRANE_TRANSPORT	GOBP_INORGANIC_ANION_TRANSMEMBRANE_TRANSPORT	5/185	18/3816	0.00129666492337168	0.0279080358736693	0.0249315293330083	CLCN6/PRNP/XPR1/CLCN3/SLC1A1	5	downregulated	DEP + DEG, no DS	FALSE	FALSE
GOBP_SYNAPTIC_VESICLE_MEMBRANE_ORGANIZATION	GOBP_SYNAPTIC_VESICLE_MEMBRANE_ORGANIZATION	4/185	11/3816	0.00134918430999499	0.0286436537283006	0.0255886905249905	SYT1/SYP/SNAP25/STXBP1	4	downregulated	DEP + DEG, no DS	TRUE	TRUE
GOCC_ENDOSOME	GOCC_ENDOSOME	28/185	321/3816	0.00135526238867918	0.0286436537283006	0.0255886905249905	SYT5/RAB3C/RHOB/MYO5A/RAB3B/RAP1GAP/ATP6V0A1/ATP8A2/RAB12/CLCN6/RET/PTPN1/CLCN3/SLC1A1/ATP6AP1/AP2A2/SNX4/SLC9A7/TRAF3/KIDINS220/PKN1/SLC9A6/ANKFY1/ARHGAP1/RAB9B/TUBA1A/VPS35/RAB1A	28	downregulated	DEP + DEG, no DS	FALSE	FALSE
GOBP_REGULATION_OF_CELL_PROJECTION_ORGANIZATION	GOBP_REGULATION_OF_CELL_PROJECTION_ORGANIZATION	21/185	215/3816	0.0014036918893748	0.0294023318970829	0.0262664525539966	DNM3/PTPN9/CRMP1/RAP1GAP/ATP8A2/TRIM67/RET/PRNP/GDI1/SNAP25/GPM6A/NCKAP1/SLIT1/PTPRO/ARSB/ARHGAP35/KIDINS220/DPYSL3/MAP1B/SPOCK1/VPS35	21	downregulated	DEP + DEG, no DS	TRUE	FALSE
GOBP_REGULATION_OF_SYNAPTIC_PLASTICITY	GOBP_REGULATION_OF_SYNAPTIC_PLASTICITY	9/185	57/3816	0.00145191012942298	0.0298787821370729	0.0266920874208787	PPP3CB/SYP/PRNP/SLC1A1/SNAP25/RIMS1/ERC1/STXBP1/MAP1B	9	downregulated	DEP + DEG, no DS	TRUE	FALSE
GOBP_RESPONSE_TO_INORGANIC_SUBSTANCE	GOBP_RESPONSE_TO_INORGANIC_SUBSTANCE	15/185	131/3816	0.00144914689820337	0.0298787821370729	0.0266920874208787	SYT5/SYT1/RHOB/SLC8A1/CAPN2/PRNP/GDI1/SLC1A1/SLC25A12/RACK1/PLEKHA1/PLCB1/SYT2/SYT13/MAP1B	15	downregulated	DEP + DEG, no DS	TRUE	FALSE
GOCC_SECRETORY_VESICLE	GOCC_SECRETORY_VESICLE	28/185	324/3816	0.00156380036351614	0.0319015274157293	0.028499098615658	ATP8A1/SYT5/RAB3C/SYT1/SYN1/MYO5A/RAB3B/APLP2/ATP6V0A1/SYN2/SNAP91/RAB12/MVP/SYP/ATP6V1A/CLCN3/SNAP25/RAP1B/AP2A2/SLC44A2/APBA1/ARSB/HSP90AB1/STXBP1/SYT2/SYT13/DPYSL3/RAB9B	28	downregulated	DEP + DEG, no DS	FALSE	FALSE
GOBP_RAS_PROTEIN_SIGNAL_TRANSDUCTION	GOBP_RAS_PROTEIN_SIGNAL_TRANSDUCTION	14/185	119/3816	0.00160353383455649	0.0324300894471511	0.028971287337586	RHOB/RAB12/TRIM67/MRAS/RAF1/HACD3/GDI1/RAP1B/WASF1/NCKAP1/ARHGAP35/ARHGAP1/RAB9B/KBTBD6	14	downregulated	DEP + DEG, no DS	TRUE	TRUE
GOBP_POSITIVE_REGULATION_OF_GROWTH	GOBP_POSITIVE_REGULATION_OF_GROWTH	9/185	58/3816	0.00164807347710876	0.0330459861307449	0.0295214961126724	SYT1/ATP8A2/RPTOR/GDI1/RIMS1/RPS6KA1/PLCB1/SYT2/MAP1B	9	downregulated	DEP + DEG, no DS	FALSE	TRUE
GOBP_CELLULAR_ION_HOMEOSTASIS	GOBP_CELLULAR_ION_HOMEOSTASIS	14/185	120/3816	0.00173932118666787	0.0342894748228809	0.0306323616333988	ATP6V0A1/SLC8A1/ATP6V1A/PRNP/ATP1B3/XPR1/CLCN3/SLC1A1/ATP6AP1/SLC9A7/ATP1A1/SLC9A6/ATP1A3/ATP6V1H	14	downregulated	DEP + DEG, no DS	FALSE	FALSE
GOMF_GTPASE_ACTIVITY	GOMF_GTPASE_ACTIVITY	16/185	147/3816	0.00173818962217213	0.0342894748228809	0.0306323616333988	DNM3/RAB3C/RHOB/RAB3B/RAP1GAP/RAB12/MRAS/ARL2/RAP1B/ARHGAP35/GNAO1/RHOT1/REM2/RAB9B/TUBA1A/RAB1A	16	downregulated	DEP + DEG, no DS	FALSE	TRUE
GOBP_LOCOMOTION	GOBP_LOCOMOTION	31/185	375/3816	0.00178751491284997	0.034945916546217	0.0312187911533711	ATP8A1/CRMP1/RHOB/WDR1/SLC8A1/SRGAP1/RET/PPP3CB/RAF1/CD200/GPM6A/MBOAT7/RACK1/ALCAM/PTPN11/NCKAP1/SLIT1/SRGAP3/PTPRO/ARSB/ARHGAP35/PKN1/PLCB1/DPYSL2/DPYSL3/MAP1B/SPOCK1/KIF5A/VPS35/RAB1A/SLC25A46	31	downregulated	DEP + DEG, no DS	TRUE	FALSE
GOCC_DISTAL_AXON	GOCC_DISTAL_AXON	14/185	121/3816	0.00188456041964292	0.0365386673097711	0.0326416685124755	CRMP1/MYO5A/SLC8A1/SYP/PRNP/CLCN3/SLC1A1/SNAP25/GPM6A/PTPRO/HSP90AB1/CPEB4/DPYSL3/MAP1B	14	downregulated	DEP + DEG, no DS	TRUE	TRUE
GOBP_EXOCYTIC_PROCESS	GOBP_EXOCYTIC_PROCESS	7/185	38/3816	0.00197136911518345	0.036998655553763	0.033052597122781	RAB3C/SYT1/RAB3B/RAB12/SNAP25/SNX4/STXBP1	7	downregulated	DEP + DEG, no DS	TRUE	FALSE
GOBP_REGULATION_OF_ANATOMICAL_STRUCTURE_SIZE	GOBP_REGULATION_OF_ANATOMICAL_STRUCTURE_SIZE	15/185	135/3816	0.00196672176567923	0.036998655553763	0.033052597122781	RAB3B/RPTOR/WDR1/SLC8A1/CLCN6/RET/CLCN3/GDI1/NCKAP1/SLIT1/ARHGAP35/CYFIP2/HSP90AB1/DPYSL2/MAP1B	15	downregulated	DEP + DEG, no DS	TRUE	TRUE
GOBP_SODIUM_ION_HOMEOSTASIS	GOBP_SODIUM_ION_HOMEOSTASIS	4/185	12/3816	0.00194769677008399	0.036998655553763	0.033052597122781	SLC8A1/ATP1B3/ATP1A1/ATP1A3	4	downregulated	DEP + DEG, no DS	TRUE	FALSE
GOMF_SYNTAXIN_1_BINDING	GOMF_SYNTAXIN_1_BINDING	4/185	12/3816	0.00194769677008399	0.036998655553763	0.033052597122781	SYT1/SNAP25/NSF/STXBP1	4	downregulated	DEP + DEG, no DS	FALSE	FALSE
GOBP_CHEMICAL_HOMEOSTASIS	GOBP_CHEMICAL_HOMEOSTASIS	22/185	237/3816	0.00209917851873696	0.0385722060788409	0.034458322027627	RALY/ATP6V0A1/AKR1C1/SLC8A1/PPP3CB/RAF1/HACD3/ATP6V1A/PRNP/ATP1B3/XPR1/CLCN3/SLC1A1/ATP6AP1/SLC9A7/RACK1/PTPN11/ATP1A1/SLC9A6/RPS6/ATP1A3/ATP6V1H	22	downregulated	DEP + DEG, no DS	TRUE	FALSE
GOBP_ENDOCYTOSIS	GOBP_ENDOCYTOSIS	18/185	178/3816	0.00210453639304844	0.0385722060788409	0.034458322027627	SYT5/DNM3/SYT1/NECAP1/SNAP91/DNAJC6/PPP3CB/SYP/PTPN1/CLCN3/SNAP25/AP2A2/WASF1/SYT2/ANKFY1/DPYSL2/RAB1A/ATP6V1H	18	downregulated	DEP + DEG, no DS	TRUE	FALSE
GOBP_TRANSMEMBRANE_TRANSPORT	GOBP_TRANSMEMBRANE_TRANSPORT	25/185	283/3816	0.00209428750551184	0.0385722060788409	0.034458322027627	ATP8A1/SLC25A1/WDR1/SLC8A1/CLCN6/NNT/ATP6V1A/PRNP/ATP1B3/XPR1/CLCN3/SLC1A1/SNAP25/GPM6A/SLC25A12/SLC9A7/SLC44A2/PTPN11/ATP1A1/SLC7A5/SLC9A6/ATP6V1B2/TOMM70/ATP1A3/ATP6V1H	25	downregulated	DEP + DEG, no DS	FALSE	FALSE
GOCC_VACUOLAR_MEMBRANE	GOCC_VACUOLAR_MEMBRANE	17/185	164/3816	0.00214168451809971	0.0389487742593948	0.0347947276665567	ATP8A1/ATP6V0A1/RPTOR/RAB12/CLCN6/ATP6V1A/CLCN3/RAP1B/AP2A2/SLC44A2/NSF/HSP90AB1/SLC7A5/ANKFY1/VPS35/ATP6V1B2/ATP6V1H	17	downregulated	DEP + DEG, no DS	FALSE	TRUE
GOCC_INTRINSIC_COMPONENT_OF_SYNAPTIC_VESICLE_MEMBRANE	GOCC_INTRINSIC_COMPONENT_OF_SYNAPTIC_VESICLE_MEMBRANE	5/185	20/3816	0.0021677147779449	0.0391189143773749	0.0349467216428202	RAB3C/SYT1/SYN1/RAB3B/SYP	5	downregulated	DEP + DEG, no DS	FALSE	TRUE
GOBP_CELLULAR_RESPONSE_TO_OXYGEN_CONTAINING_COMPOUND	GOBP_CELLULAR_RESPONSE_TO_OXYGEN_CONTAINING_COMPOUND	25/185	285/3816	0.0023095470246943	0.0413602848849834	0.0369490407888015	RHOB/MYO5A/AKR1C1/RPTOR/RAB12/SLC8A1/CAPN2/RET/PPP3CB/PDE2A/RAF1/RPL23/PRNP/PTPN1/SLC1A1/RAP1B/RACK1/PTPN11/PLEKHA1/CPEB4/GNAO1/PLCB1/MAP1B/VPS35/ATP1A3	25	downregulated	DEP + DEG, no DS	TRUE	TRUE
GOBP_REGULATION_OF_HORMONE_LEVELS	GOBP_REGULATION_OF_HORMONE_LEVELS	11/185	85/3816	0.00237101672501291	0.0417040216414952	0.0372561166097801	AKR1C1/PPP3CB/RAF1/DHRS7/SNAP25/SNX4/PTPN11/ATP1A1/PLEKHA1/SLC7A5/RAB1A	11	downregulated	DEP + DEG, no DS	TRUE	TRUE
GOCC_APICAL_PLASMA_MEMBRANE	GOCC_APICAL_PLASMA_MEMBRANE	9/185	61/3816	0.0023671503853787	0.0417040216414952	0.0372561166097801	ATP6V1A/ATP1B3/CLCN3/SLC1A1/ATP1A1/PTPRO/HSP90AB1/SLC7A5/ATP6V1B2	9	downregulated	DEP + DEG, no DS	TRUE	FALSE
GOMF_GTPASE_BINDING	GOMF_GTPASE_BINDING	14/185	124/3816	0.00238207114235309	0.0417040216414952	0.0372561166097801	MYO5A/RANBP1/RAP1GAP/RAF1/GDI1/ATP6AP1/WASF1/NCKAP1/RIMS1/CYFIP2/ERC1/PKN1/ANKFY1/ARHGAP1	14	downregulated	DEP + DEG, no DS	TRUE	TRUE
GOBP_REGULATION_OF_NEURON_PROJECTION_DEVELOPMENT	GOBP_REGULATION_OF_NEURON_PROJECTION_DEVELOPMENT	16/185	152/3816	0.00246538724799096	0.0422175071809256	0.0377148368094507	DNM3/PTPN9/CRMP1/ATP8A2/TRIM67/RET/GDI1/SNAP25/SLIT1/PTPRO/ARSB/ARHGAP35/KIDINS220/DPYSL3/MAP1B/SPOCK1	16	downregulated	DEP + DEG, no DS	FALSE	FALSE
GOBP_SMALL_GTPASE_MEDIATED_SIGNAL_TRANSDUCTION	GOBP_SMALL_GTPASE_MEDIATED_SIGNAL_TRANSDUCTION	17/185	166/3816	0.00244111904616397	0.0422175071809256	0.0377148368094507	RHOB/RAP1GAP/RAB12/TRIM67/MRAS/RAF1/HACD3/GDI1/RAP1B/WASF1/NCKAP1/SRGAP3/ARHGAP35/RHOT1/ARHGAP1/RAB9B/KBTBD6	17	downregulated	DEP + DEG, no DS	FALSE	FALSE
GOCC_RIBOSOME	GOCC_RIBOSOME	16/185	152/3816	0.00246538724799096	0.0422175071809256	0.0377148368094507	RPS3A/RPL23/RPS4X/RPL32/RACK1/RPS29/RPL7A/RPL35A/RPS27/RPL3/RPL34/RPL4/RPL27A/RPL21/RPS6/RPL18	16	downregulated	DEP + DEG, no DS	FALSE	FALSE
GOBP_EXPORT_ACROSS_PLASMA_MEMBRANE	GOBP_EXPORT_ACROSS_PLASMA_MEMBRANE	4/185	13/3816	0.00270774256149737	0.0457004607861355	0.0408263191211001	SLC8A1/ATP1B3/ATP1A1/ATP1A3	4	downregulated	DEP + DEG, no DS	FALSE	FALSE
GOBP_REGULATION_OF_DEVELOPMENTAL_GROWTH	GOBP_REGULATION_OF_DEVELOPMENTAL_GROWTH	10/185	74/3816	0.00269070281693683	0.0457004607861355	0.0408263191211001	SYT1/ATP8A2/GDI1/SLIT1/RIMS1/PLCB1/SYT2/DPYSL2/MAP1B/TOMM70	10	downregulated	DEP + DEG, no DS	FALSE	FALSE
GOBP_INORGANIC_ION_TRANSMEMBRANE_TRANSPORT	GOBP_INORGANIC_ION_TRANSMEMBRANE_TRANSPORT	17/185	168/3816	0.00277485376394895	0.0461688434767677	0.0412447468758669	SLC8A1/CLCN6/NNT/ATP6V1A/PRNP/ATP1B3/XPR1/CLCN3/SLC1A1/SNAP25/GPM6A/SLC9A7/ATP1A1/SLC9A6/ATP6V1B2/ATP1A3/ATP6V1H	17	downregulated	DEP + DEG, no DS	FALSE	FALSE
GOBP_REGULATION_OF_CELLULAR_COMPONENT_SIZE	GOBP_REGULATION_OF_CELLULAR_COMPONENT_SIZE	14/185	126/3816	0.00277060432189474	0.0461688434767677	0.0412447468758669	RAB3B/RPTOR/WDR1/CLCN6/RET/CLCN3/GDI1/NCKAP1/SLIT1/ARHGAP35/CYFIP2/HSP90AB1/DPYSL2/MAP1B	14	downregulated	DEP + DEG, no DS	FALSE	FALSE
GOBP_CELLULAR_RESPONSE_TO_NITROGEN_COMPOUND	GOBP_CELLULAR_RESPONSE_TO_NITROGEN_COMPOUND	18/185	183/3816	0.0028659178945866	0.0473481928218322	0.0422983137740691	MYO5A/RPTOR/RAB12/SLC8A1/CAPN2/PDE2A/RPL23/PRNP/PTPN1/SLC1A1/RAP1B/PTPN11/CPEB4/GNAO1/PLCB1/MAP1B/VPS35/ATP1A3	18	downregulated	DEP + DEG, no DS	FALSE	FALSE
GOBP_VASCULAR_PROCESS_IN_CIRCULATORY_SYSTEM	GOBP_VASCULAR_PROCESS_IN_CIRCULATORY_SYSTEM	7/185	41/3816	0.00310527174196089	0.050943828717764	0.0455104603477669	ATP8A1/SLC8A1/PDE2A/SLC1A1/DDAH1/ARHGAP35/SLC7A5	7	downregulated	DEP + DEG, no DS	TRUE	TRUE
GOCC_SECRETORY_GRANULE_MEMBRANE	GOCC_SECRETORY_GRANULE_MEMBRANE	11/185	88/3816	0.00313292096006342	0.0510405039743665	0.0455968247915662	ATP8A1/SYT5/SYT1/APLP2/ATP6V0A1/SNAP25/RAP1B/AP2A2/SLC44A2/SYT2/RAB9B	11	downregulated	DEP + DEG, no DS	FALSE	FALSE
GOBP_LOCOMOTORY_BEHAVIOR	GOBP_LOCOMOTORY_BEHAVIOR	8/185	53/3816	0.00355552487521467	0.0575259403948525	0.0513905628061881	PDE1B/PPP3CB/CLCN3/SLC1A1/SNAP25/APBA1/VPS35/SLC25A46	8	downregulated	DEP + DEG, no DS	TRUE	TRUE
GOBP_METAL_ION_EXPORT	GOBP_METAL_ION_EXPORT	4/185	14/3816	0.00364877638044271	0.0578380364089094	0.0516693724997257	SLC8A1/ATP1B3/ATP1A1/ATP1A3	4	downregulated	DEP + DEG, no DS	FALSE	FALSE
GOBP_PH_REDUCTION	GOBP_PH_REDUCTION	4/185	14/3816	0.00364877638044271	0.0578380364089094	0.0516693724997257	ATP6V0A1/CLCN3/SLC9A7/ATP6V1H	4	downregulated	DEP + DEG, no DS	FALSE	FALSE
GOCC_PHOTORECEPTOR_INNER_SEGMENT	GOCC_PHOTORECEPTOR_INNER_SEGMENT	4/185	14/3816	0.00364877638044271	0.0578380364089094	0.0516693724997257	ATP8A2/SNAP25/ATP1A1/ATP1A3	4	downregulated	DEP + DEG, no DS	FALSE	TRUE
GOCC_GLUTAMATERGIC_SYNAPSE	GOCC_GLUTAMATERGIC_SYNAPSE	14/185	130/3816	0.00370488992413086	0.0583333675302751	0.052111874524511	DNM3/PPM1H/SYT1/SYN2/PPP3CB/DYNLL2/CLCN3/SNAP25/GPM6A/APBA1/PTPRO/PLCB1/STXBP1/VPS35	14	downregulated	DEP + DEG, no DS	TRUE	FALSE
GOMF_SNARE_BINDING	GOMF_SNARE_BINDING	8/185	54/3816	0.00400461008745766	0.0626321017678378	0.0559521311166891	SYT5/SYT1/SNAP91/SNAP25/NSF/STXBP1/SYT2/SYT13	8	downregulated	DEP + DEG, no DS	TRUE	FALSE
GOBP_REGULATION_OF_CELL_SIZE	GOBP_REGULATION_OF_CELL_SIZE	9/185	66/3816	0.00409972837985062	0.0632949970398029	0.0565443258878484	RPTOR/CLCN6/RET/CLCN3/GDI1/SLIT1/HSP90AB1/DPYSL2/MAP1B	9	downregulated	DEP + DEG, no DS	FALSE	FALSE
GOCC_NEURON_PROJECTION_TERMINUS	GOCC_NEURON_PROJECTION_TERMINUS	7/185	43/3816	0.00410095462491477	0.0632949970398029	0.0565443258878484	PTPN9/SYT1/SLC8A1/SYP/PRNP/CLCN3/SLC1A1	7	downregulated	DEP + DEG, no DS	TRUE	FALSE
GOBP_MONOAMINE_TRANSPORT	GOBP_MONOAMINE_TRANSPORT	5/185	23/3816	0.00417920548310298	0.0640325400781071	0.0572032069347652	SYT5/SYT1/RAB3B/SYT2/SYT13	5	downregulated	DEP + DEG, no DS	FALSE	FALSE
GOMF_PHOSPHORIC_ESTER_HYDROLASE_ACTIVITY	GOMF_PHOSPHORIC_ESTER_HYDROLASE_ACTIVITY	13/185	118/3816	0.00420332957034462	0.0640325400781071	0.0572032069347652	PPM1H/PTPN9/PDE1C/PDE1B/DNAJC6/PPP3CB/PDE2A/PTPN1/PLCL2/PTPN11/ATP1A1/PTPRO/PLCB1	13	downregulated	DEP + DEG, no DS	TRUE	TRUE
GOBP_POSITIVE_REGULATION_OF_MULTICELLULAR_ORGANISMAL_PROCESS	GOBP_POSITIVE_REGULATION_OF_MULTICELLULAR_ORGANISMAL_PROCESS	22/185	251/3816	0.00430117494066735	0.0651003639406814	0.0581571430008061	FH/RHOB/ATP8A2/SLC8A1/RET/GDI1/SLC1A1/CD200/SLC25A12/SNX4/RACK1/PTPN11/ATP1A1/DDAH1/RIMS1/PLCB1/SLC7A5/MAP1B/SCD/NUMBL/RAB1A/TOMM70	22	downregulated	DEP + DEG, no DS	TRUE	TRUE
GOBP_VESICLE_DOCKING	GOBP_VESICLE_DOCKING	6/185	33/3816	0.00443078257224663	0.0666321532980167	0.0595255607378073	RAB3C/SYT1/RAB3B/RAB12/SNAP25/STXBP1	6	downregulated	DEP + DEG, no DS	FALSE	FALSE
GOMF_GUANYL_NUCLEOTIDE_BINDING	GOMF_GUANYL_NUCLEOTIDE_BINDING	17/185	176/3816	0.00451442518002047	0.0674575889957199	0.0602629603313493	DNM3/RAB3C/RHOB/RAB3B/RAB12/MRAS/ARL2/PDE2A/RAP1B/ARHGAP35/HSP90AB1/GNAO1/RHOT1/REM2/RAB9B/TUBA1A/RAB1A	17	downregulated	DEP + DEG, no DS	FALSE	FALSE
GOBP_DOPAMINE_SECRETION	GOBP_DOPAMINE_SECRETION	4/185	15/3816	0.00478943843432857	0.069721356100059	0.0622852873851202	SYT5/SYT1/SYT2/SYT13	4	downregulated	DEP + DEG, no DS	FALSE	FALSE
GOBP_HOMEOSTATIC_PROCESS	GOBP_HOMEOSTATIC_PROCESS	30/185	383/3816	0.00484423744429225	0.069721356100059	0.0622852873851202	FH/RALY/ATP6V0A1/AKR1C1/SLC8A1/CLCN6/PPP3CB/RAF1/HACD3/ATP6V1A/PRNP/PLCL2/ATP1B3/TXNRD1/XPR1/CLCN3/SLC1A1/ATP6AP1/SLC9A7/RACK1/AMPD2/PTPN11/ATP1A1/PKN1/SLC9A6/RHOT1/RPS6/SCD/ATP1A3/ATP6V1H	30	downregulated	DEP + DEG, no DS	FALSE	FALSE
GOBP_ION_HOMEOSTASIS	GOBP_ION_HOMEOSTASIS	15/185	148/3816	0.00481765118045698	0.069721356100059	0.0622852873851202	ATP6V0A1/SLC8A1/ATP6V1A/PRNP/ATP1B3/XPR1/CLCN3/SLC1A1/ATP6AP1/SLC9A7/RACK1/ATP1A1/SLC9A6/ATP1A3/ATP6V1H	15	downregulated	DEP + DEG, no DS	FALSE	FALSE
GOBP_RESPONSE_TO_OXYGEN_CONTAINING_COMPOUND	GOBP_RESPONSE_TO_OXYGEN_CONTAINING_COMPOUND	30/185	383/3816	0.00484423744429225	0.069721356100059	0.0622852873851202	RHOB/MYO5A/AKR1C1/RPTOR/RAB12/SLC8A1/CAPN2/RET/PPP3CB/PDE2A/RAF1/RPL23/PRNP/PTPN1/SLC1A1/RAP1B/RACK1/PTPN11/ATP1A1/PLEKHA1/HSP90AB1/CPEB4/GNAO1/PLCB1/STXBP1/MAP1B/SCD/VPS35/TOMM70/ATP1A3	30	downregulated	DEP + DEG, no DS	FALSE	FALSE
GOCC_CYTOPLASMIC_DYNEIN_COMPLEX	GOCC_CYTOPLASMIC_DYNEIN_COMPLEX	4/185	15/3816	0.00478943843432857	0.069721356100059	0.0622852873851202	DCTN4/DYNLT3/DYNLL2/SNX4	4	downregulated	DEP + DEG, no DS	TRUE	TRUE
GOCC_PRESYNAPTIC_ACTIVE_ZONE_MEMBRANE	GOCC_PRESYNAPTIC_ACTIVE_ZONE_MEMBRANE	4/185	15/3816	0.00478943843432857	0.069721356100059	0.0622852873851202	GPM6A/CNTNAP1/APBA1/STXBP1	4	downregulated	DEP + DEG, no DS	TRUE	FALSE
GOBP_PEPTIDYL_TYROSINE_DEPHOSPHORYLATION	GOBP_PEPTIDYL_TYROSINE_DEPHOSPHORYLATION	5/185	24/3816	0.00507511745199581	0.0700366208375422	0.0625669278447286	PTPN9/DNAJC6/PTPN1/PTPN11/PTPRO	5	downregulated	DEP + DEG, no DS	TRUE	FALSE
GOBP_VESICLE_DOCKING_INVOLVED_IN_EXOCYTOSIS	GOBP_VESICLE_DOCKING_INVOLVED_IN_EXOCYTOSIS	5/185	24/3816	0.00507511745199581	0.0700366208375422	0.0625669278447286	RAB3C/RAB3B/RAB12/SNAP25/STXBP1	5	downregulated	DEP + DEG, no DS	FALSE	FALSE
GOCC_ANCHORED_COMPONENT_OF_MEMBRANE	GOCC_ANCHORED_COMPONENT_OF_MEMBRANE	5/185	24/3816	0.00507511745199581	0.0700366208375422	0.0625669278447286	RAB3C/SYN1/RAB3B/OPCML/PRNP	5	downregulated	DEP + DEG, no DS	TRUE	FALSE
GOMF_PDZ_DOMAIN_BINDING	GOMF_PDZ_DOMAIN_BINDING	5/185	24/3816	0.00507511745199581	0.0700366208375422	0.0625669278447286	CLCN3/PLEKHA1/NSF/ERC1/KIDINS220	5	downregulated	DEP + DEG, no DS	TRUE	TRUE
GOMF_PHOSPHORIC_DIESTER_HYDROLASE_ACTIVITY	GOMF_PHOSPHORIC_DIESTER_HYDROLASE_ACTIVITY	5/185	24/3816	0.00507511745199581	0.0700366208375422	0.0625669278447286	PDE1C/PDE1B/PDE2A/PLCL2/PLCB1	5	downregulated	DEP + DEG, no DS	TRUE	FALSE
GOMF_PRIMARY_ACTIVE_TRANSMEMBRANE_TRANSPORTER_ACTIVITY	GOMF_PRIMARY_ACTIVE_TRANSMEMBRANE_TRANSPORTER_ACTIVITY	9/185	68/3816	0.0050213141673659	0.0700366208375422	0.0625669278447286	ATP8A1/CLCN6/ATP6V1A/SLC1A1/ATP1A1/NDUFV1/ATP6V1B2/ATP1A3/ATP6V1H	9	downregulated	DEP + DEG, no DS	FALSE	FALSE
GOMF_PROTEIN_TYROSINE_PHOSPHATASE_ACTIVITY	GOMF_PROTEIN_TYROSINE_PHOSPHATASE_ACTIVITY	5/185	24/3816	0.00507511745199581	0.0700366208375422	0.0625669278447286	PTPN9/DNAJC6/PTPN1/PTPN11/PTPRO	5	downregulated	DEP + DEG, no DS	FALSE	FALSE
GOMF_SYNTAXIN_BINDING	GOMF_SYNTAXIN_BINDING	6/185	34/3816	0.00516798284875649	0.0709010980303084	0.0633392049976866	SYT5/SYT1/SNAP25/NSF/STXBP1/SYT2	6	downregulated	DEP + DEG, no DS	FALSE	FALSE
GOCC_LARGE_RIBOSOMAL_SUBUNIT	GOCC_LARGE_RIBOSOMAL_SUBUNIT	10/185	81/3816	0.00524184226498552	0.0714962904282328	0.0638709176841259	RPL23/RPL32/RPL7A/RPL35A/RPL3/RPL34/RPL4/RPL27A/RPL21/RPL18	10	downregulated	DEP + DEG, no DS	FALSE	FALSE
GOBP_CARBOXYLIC_ACID_TRANSPORT	GOBP_CARBOXYLIC_ACID_TRANSPORT	7/185	45/3816	0.00532173079696295	0.0721663609807808	0.0644695224627516	SLC25A1/AKR1C1/SLC1A1/SLC25A12/APBA1/SLC7A5/STXBP1	7	downregulated	DEP + DEG, no DS	TRUE	FALSE
GOBP_SYNAPSE_ORGANIZATION	GOBP_SYNAPSE_ORGANIZATION	14/185	136/3816	0.00557552738865798	0.0751734899643197	0.0671559288010771	DNM3/SYN1/PRNP/SLC1A1/GPM6A/CNTNAP1/WASF1/SLIT1/PTPRO/ERC1/MAP1B/TUBA1A/VPS35/SLC25A46	14	downregulated	DEP + DEG, no DS	TRUE	TRUE
GOBP_CATION_TRANSMEMBRANE_TRANSPORT	GOBP_CATION_TRANSMEMBRANE_TRANSPORT	17/185	180/3816	0.0056743557270582	0.0760687916324488	0.0679557428726188	ATP8A1/SLC8A1/NNT/ATP6V1A/PRNP/ATP1B3/CLCN3/SLC1A1/SNAP25/GPM6A/SLC9A7/ATP1A1/SLC7A5/SLC9A6/ATP6V1B2/ATP1A3/ATP6V1H	17	downregulated	DEP + DEG, no DS	FALSE	FALSE
GOBP_SODIUM_ION_TRANSMEMBRANE_TRANSPORT	GOBP_SODIUM_ION_TRANSMEMBRANE_TRANSPORT	6/185	35/3816	0.00599137959443942	0.0798623666395163	0.0713447175390483	SLC8A1/ATP1B3/SLC9A7/ATP1A1/SLC9A6/ATP1A3	6	downregulated	DEP + DEG, no DS	FALSE	FALSE
GOBP_ESTABLISHMENT_OF_MITOCHONDRION_LOCALIZATION	GOBP_ESTABLISHMENT_OF_MITOCHONDRION_LOCALIZATION	4/185	16/3816	0.00614736945085936	0.0810209479309892	0.0723797313817918	MAP1S/WASF1/RHOT1/MAP1B	4	downregulated	DEP + DEG, no DS	TRUE	TRUE
GOBP_GLUTAMATE_RECEPTOR_SIGNALING_PATHWAY	GOBP_GLUTAMATE_RECEPTOR_SIGNALING_PATHWAY	4/185	16/3816	0.00614736945085936	0.0810209479309892	0.0723797313817918	PRNP/SLC1A1/CPEB4/PLCB1	4	downregulated	DEP + DEG, no DS	TRUE	TRUE
GOCC_MICROTUBULE_ASSOCIATED_COMPLEX	GOCC_MICROTUBULE_ASSOCIATED_COMPLEX	8/185	58/3816	0.00625305793606984	0.0814981884334435	0.0728060722264038	DCTN4/ACTR1A/DYNLT3/DYNLL2/MAP1S/SNX4/MAP1B/KIF5A	8	downregulated	DEP + DEG, no DS	FALSE	FALSE
GOMF_PHOSPHATIDYLINOSITOL_PHOSPHATE_BINDING	GOMF_PHOSPHATIDYLINOSITOL_PHOSPHATE_BINDING	8/185	58/3816	0.00625305793606984	0.0814981884334435	0.0728060722264038	SYT5/SYT1/SNAP91/SH3PXD2B/SNX4/PLCB1/ANKFY1/SH3PXD2A	8	downregulated	DEP + DEG, no DS	TRUE	TRUE
GOBP_NEURON_PROJECTION_GUIDANCE	GOBP_NEURON_PROJECTION_GUIDANCE	8/185	59/3816	0.00694138607671785	0.0889862936392354	0.0794955402861389	CRMP1/RET/ALCAM/SLIT1/PTPRO/ARHGAP35/DPYSL2/KIF5A	8	downregulated	DEP + DEG, no DS	TRUE	TRUE
GOBP_RESPONSE_TO_CALCIUM_ION	GOBP_RESPONSE_TO_CALCIUM_ION	6/185	36/3816	0.00690653103346124	0.0889862936392354	0.0794955402861389	SYT5/SYT1/GDI1/SLC25A12/SYT2/SYT13	6	downregulated	DEP + DEG, no DS	FALSE	FALSE
GOMF_PHOSPHATIDYLINOSITOL_BISPHOSPHATE_BINDING	GOMF_PHOSPHATIDYLINOSITOL_BISPHOSPHATE_BINDING	6/185	36/3816	0.00690653103346124	0.0889862936392354	0.0794955402861389	SYT5/SYT1/SNAP91/SH3PXD2B/PLCB1/SH3PXD2A	6	downregulated	DEP + DEG, no DS	FALSE	FALSE
GOCC_PERINUCLEAR_REGION_OF_CYTOPLASM	GOCC_PERINUCLEAR_REGION_OF_CYTOPLASM	22/185	262/3816	0.0071669915309044	0.0913791420190311	0.0816331815676811	SYT5/DNM3/RAB3C/RAB3B/ATP6V0A1/CAPN2/MVP/PDE2A/SYP/SNAP25/MAP1S/RACK1/APBA1/CYFIP2/HSP90AB1/CPEB4/STXBP1/ARHGAP1/MAP1B/RPS6/KIF5A/VPS35	22	downregulated	DEP + DEG, no DS	TRUE	FALSE
GOBP_RESPONSE_TO_CYTOKINE	GOBP_RESPONSE_TO_CYTOKINE	16/185	170/3816	0.00747025217412079	0.0947308735161479	0.0846274371475077	PDE1B/MRAS/CAPN2/PPP3CB/PDE2A/PTPN1/SLC1A1/PTPN11/TRAF3/HSP90AB1/PLCB1/RPL3/STXBP1/DPYSL3/CACYBP/NUMBL	16	downregulated	DEP + DEG, no DS	TRUE	TRUE
GOBP_CATECHOLAMINE_SECRETION	GOBP_CATECHOLAMINE_SECRETION	4/185	17/3816	0.00773906251930468	0.096062649049147	0.0858171733552527	SYT5/SYT1/SYT2/SYT13	4	downregulated	DEP + DEG, no DS	FALSE	FALSE
GOBP_POSITIVE_REGULATION_OF_CELL_GROWTH	GOBP_POSITIVE_REGULATION_OF_CELL_GROWTH	7/185	48/3816	0.00763958067636777	0.096062649049147	0.0858171733552527	SYT1/RPTOR/GDI1/RIMS1/RPS6KA1/SYT2/MAP1B	7	downregulated	DEP + DEG, no DS	FALSE	FALSE
GOCC_DYNEIN_COMPLEX	GOCC_DYNEIN_COMPLEX	4/185	17/3816	0.00773906251930468	0.096062649049147	0.0858171733552527	DCTN4/DYNLT3/DYNLL2/SNX4	4	downregulated	DEP + DEG, no DS	FALSE	FALSE
GOMF_METAL_ION_TRANSMEMBRANE_TRANSPORTER_ACTIVITY	GOMF_METAL_ION_TRANSMEMBRANE_TRANSPORTER_ACTIVITY	8/185	60/3816	0.00768557983742951	0.096062649049147	0.0858171733552527	SLC8A1/SLC1A1/SNAP25/GPM6A/SLC9A7/ATP1A1/SLC9A6/ATP1A3	8	downregulated	DEP + DEG, no DS	FALSE	FALSE
GOBP_VESICLE_MEDIATED_TRANSPORT_TO_THE_PLASMA_MEMBRANE	GOBP_VESICLE_MEDIATED_TRANSPORT_TO_THE_PLASMA_MEMBRANE	9/185	73/3816	0.00803211446380654	0.099175476484685	0.0885980049719602	SLC1A1/SNAP25/ATP6AP1/SNX4/PREPL/RACK1/NSF/ARHGAP1/VPS35	9	downregulated	DEP + DEG, no DS	TRUE	FALSE
GOBP_CELLULAR_RESPONSE_TO_ENDOGENOUS_STIMULUS	GOBP_CELLULAR_RESPONSE_TO_ENDOGENOUS_STIMULUS	25/185	314/3816	0.0082706705646102	0.10158635154228	0.0907517503121461	MYO5A/RAP1GAP/AKR1C1/RPTOR/RAB12/SLC8A1/CAPN2/PDE2A/RPL23/PRNP/PTPN1/SLC1A1/RAP1B/WASF1/PTPN11/ATP1A1/HSP90AB1/KIDINS220/CPEB4/PKN1/GNAO1/PLCB1/MAP1B/VPS35/ATP1A3	25	downregulated	DEP + DEG, no DS	FALSE	FALSE
GOBP_ESTABLISHMENT_OF_PROTEIN_LOCALIZATION_TO_PLASMA_MEMBRANE	GOBP_ESTABLISHMENT_OF_PROTEIN_LOCALIZATION_TO_PLASMA_MEMBRANE	5/185	27/3816	0.00856760572911255	0.104143020935223	0.0930357404235783	ATP6AP1/PREPL/RACK1/NSF/VPS35	5	downregulated	DEP + DEG, no DS	FALSE	FALSE
GOMF_PHOSPHATIDYLINOSITOL_4_5_BISPHOSPHATE_BINDING	GOMF_PHOSPHATIDYLINOSITOL_4_5_BISPHOSPHATE_BINDING	5/185	27/3816	0.00856760572911255	0.104143020935223	0.0930357404235783	SYT5/SYT1/SNAP91/PLCB1/SH3PXD2A	5	downregulated	DEP + DEG, no DS	FALSE	FALSE
GOCC_TRANSPORT_VESICLE_MEMBRANE	GOCC_TRANSPORT_VESICLE_MEMBRANE	9/185	74/3816	0.0087716945379885	0.106074203021242	0.0947609540159256	SYT5/RAB3C/SYT1/SYN1/RAB3B/SYN2/SYP/SYT2/RAB1A	9	downregulated	DEP + DEG, no DS	FALSE	FALSE
GOBP_POSITIVE_REGULATION_OF_CELL_PROJECTION_ORGANIZATION	GOBP_POSITIVE_REGULATION_OF_CELL_PROJECTION_ORGANIZATION	12/185	115/3816	0.00904145036484847	0.10767128200982	0.0961876979770949	DNM3/ATP8A2/TRIM67/RET/GDI1/GPM6A/NCKAP1/ARSB/ARHGAP35/KIDINS220/DPYSL3/MAP1B	12	downregulated	DEP + DEG, no DS	FALSE	TRUE
GOBP_POSITIVE_REGULATION_OF_SYNAPTIC_TRANSMISSION	GOBP_POSITIVE_REGULATION_OF_SYNAPTIC_TRANSMISSION	6/185	38/3816	0.00903413476691779	0.10767128200982	0.0961876979770949	SYT1/PRNP/SLC1A1/SNAP25/RIMS1/STXBP1	6	downregulated	DEP + DEG, no DS	FALSE	FALSE
GOBP_RESPONSE_TO_MECHANICAL_STIMULUS	GOBP_RESPONSE_TO_MECHANICAL_STIMULUS	6/185	38/3816	0.00903413476691779	0.10767128200982	0.0961876979770949	ATP8A2/SLC8A1/CLCN6/PDE2A/RAF1/MAP1B	6	downregulated	DEP + DEG, no DS	TRUE	TRUE
GOCC_VESICLE_MEMBRANE	GOCC_VESICLE_MEMBRANE	46/210	362/3816	2.13054768554656e-08	5.04513691937426e-05	4.73205854368763e-05	TMEM30A/SV2A/CPE/SYT11/CORO1A/ATP9A/ARL8B/ABCA3/STX12/RAB6A/AP2B1/PLD3/MYO1B/SORCS2/RAC1/RAB39B/SLC2A3/SCAMP1/CORO1C/PRRT2/GOPC/AP3M2/VPS16/ATP6V1D/RAB18/VPS11/VPS26A/VPS29/CLCN4/TM9SF2/AP2S1/RAB11B/SEMA4C/TBC1D24/EXOC3/ARL8A/EPHB1/PTPRS/SNX30/RAB5C/CYB5R1/VPS33A/TF/AP3D1/GAA/AP3B2	46	downregulated	DEP only	TRUE	TRUE
GOCC_ENDOSOME_MEMBRANE	GOCC_ENDOSOME_MEMBRANE	28/210	176/3816	1.86387439771545e-07	0.00022068272868951	0.000206988156798927	TMEM30A/SYT11/ATP9A/ARL8B/ABCA3/STX12/AP2B1/PLD3/MYO1B/SORCS2/RAC1/SCAMP1/CORO1C/VPS16/VPS11/VPS26A/VPS29/CLCN4/TM9SF2/AP2S1/RAB11B/ARL8A/EPHB1/SNX30/RAB5C/VPS33A/TF/AP3D1	28	downregulated	DEP only	FALSE	FALSE
GOCC_INTRINSIC_COMPONENT_OF_PLASMA_MEMBRANE	GOCC_INTRINSIC_COMPONENT_OF_PLASMA_MEMBRANE	25/210	167/3816	2.88343688241929e-06	0.00203331188312108	0.00190713374528159	SLC25A4/SYT11/PLPPR3/SLC7A1/PLPPR1/SLC25A3/SCN3A/CXADR/SORCS2/SLC2A3/PLXNB1/TSPAN13/PRRT2/FADS2/PLXNA4/CLCN4/TM9SF2/SEMA4C/CNTNAP2/SLC25A5/SLC1A2/EPHB1/PTPRS/SLC25A13/SLC1A4	25	downregulated	DEP only	TRUE	TRUE
GOMF_GTPASE_ACTIVITY	GOMF_GTPASE_ACTIVITY	23/210	147/3816	3.43464845121803e-06	0.00203331188312108	0.00190713374528159	ARF5/DRG2/ARL8B/RAB6A/KRAS/RAC1/RAB39B/OPA1/ARF4/GFM1/RAB18/NKIRAS2/RAB6B/RAB11B/MFN2/GNB5/RRAGC/ARL8A/ARF3/RAB5C/ARL1/GNB2/GNL1	23	downregulated	DEP only	TRUE	TRUE
GOCC_NEURON_PROJECTION	GOCC_NEURON_PROJECTION	45/210	439/3816	1.58138004600616e-05	0.00748941589788516	0.00702465662541682	SV2A/SYT11/FARP1/KIF3A/CORO1A/ARL8B/ABI2/PLPPR1/CYTH2/SCN3A/DCTN1/CXADR/PRKAR2B/SORCS2/RAC1/RAB39B/GSK3B/OPA1/ARF4/PRRT2/GOPC/AP3M2/VPS16/FSCN1/PRKAA2/CNTNAP2/TBC1D24/PRKAA1/EXOC3/SLC1A2/SLC4A7/STAU1/ARL8A/DCTN2/ARPC2/EPHB1/PTPRS/ATCAY/HSP90AA1/RPL28/EXOC7/AP3D1/ABI1/SLC1A4/AP3B2	45	downregulated	DEP only	TRUE	TRUE
GOBP_STEROL_BIOSYNTHETIC_PROCESS	GOBP_STEROL_BIOSYNTHETIC_PROCESS	9/210	31/3816	2.72238158026913e-05	0.0104431917376411	0.00979513449787635	HMGCS1/CYP51A1/DHCR7/PRKAA2/FDFT1/MSMO1/PRKAA1/CYB5R1/ACLY	9	downregulated	DEP only	TRUE	TRUE
GOMF_HYDROLASE_ACTIVITY_ACTING_ON_ACID_ANHYDRIDES	GOMF_HYDROLASE_ACTIVITY_ACTING_ON_ACID_ANHYDRIDES	35/210	315/3816	3.0870921521743e-05	0.0104431917376411	0.00979513449787635	ARF5/DRG2/KIF3A/ARL8B/ABCA3/ACYP2/RAB6A/NUDT11/KRAS/RAC1/RAB39B/KIF2A/OPA1/ARF4/GFM1/RAB18/NKIRAS2/SMC5/RAB6B/RAB11B/CCT3/UPF1/MFN2/GNB5/RRAGC/CCT7/DDX5/ARL8A/ARF3/HSP90AA1/RAB5C/ARL1/GNB2/GNL1/CCT5	35	downregulated	DEP only	FALSE	FALSE
GOBP_ANION_TRANSPORT	GOBP_ANION_TRANSPORT	15/210	85/3816	4.51145820237061e-05	0.013353916279017	0.0125252326407921	SV2A/SLC25A4/SLC7A1/SLC25A3/SLC2A3/GOPC/CLCN4/RAB11B/SLC25A5/PRKAA1/SLC1A2/SLC4A7/SLC25A13/CYB5R1/SLC1A4	15	downregulated	DEP only	TRUE	TRUE
GOBP_PROCESS_UTILIZING_AUTOPHAGIC_MECHANISM	GOBP_PROCESS_UTILIZING_AUTOPHAGIC_MECHANISM	27/210	224/3816	6.86228424761392e-05	0.015057499591239	0.014123099278767	GABARAP/SLC25A4/SYT11/GABARAPL2/ARL8B/STX12/CASP3/RAB39B/GSK3B/VPS16/ATP6V1D/CERS1/VPS11/VPS26A/VPS29/PRKAA2/SLC25A5/ATG7/MFN2/PRKAA1/RRAGC/PLAA/HSP90AA1/SNX30/VPS33A/EXOC7/PIP4K2B	27	downregulated	DEP only	TRUE	TRUE
GOCC_AXON	GOCC_AXON	30/210	262/3816	6.99461551957893e-05	0.015057499591239	0.014123099278767	SYT11/KIF3A/CORO1A/ARL8B/CYTH2/SCN3A/DCTN1/CXADR/GSK3B/OPA1/PRRT2/AP3M2/VPS16/FSCN1/PRKAA2/CNTNAP2/TBC1D24/PRKAA1/EXOC3/SLC1A2/ARL8A/DCTN2/EPHB1/PTPRS/ATCAY/HSP90AA1/EXOC7/AP3D1/ABI1/AP3B2	30	downregulated	DEP only	FALSE	FALSE
GOCC_VACUOLAR_MEMBRANE	GOCC_VACUOLAR_MEMBRANE	22/210	164/3816	6.86573694670079e-05	0.015057499591239	0.014123099278767	TMEM30A/GABARAP/SYT11/GABARAPL2/ARL8B/GNB4/ABCA3/AP2B1/PLD3/GOPC/VPS16/ATP6V1D/VPS11/CLCN4/AP2S1/ARL8A/ITM2C/RAB5C/VPS33A/GNB2/AP3D1/GAA	22	downregulated	DEP only	TRUE	FALSE
GOMF_OXIDOREDUCTASE_ACTIVITY_ACTING_ON_THE_CH_CH_GROUP_OF_DONORS_NAD_OR_NADP_AS_ACCEPTOR	GOMF_OXIDOREDUCTASE_ACTIVITY_ACTING_ON_THE_CH_CH_GROUP_OF_DONORS_NAD_OR_NADP_AS_ACCEPTOR	6/210	15/3816	8.52021846408268e-05	0.0168132311024565	0.0157698780343986	FASN/AKR1C2/DHCR7/DECR1/BLVRA/TECR	6	downregulated	DEP only	TRUE	TRUE
GOBP_VACUOLE_ORGANIZATION	GOBP_VACUOLE_ORGANIZATION	13/210	73/3816	0.000133536905467658	0.0243242609344164	0.0228148073309115	GABARAP/CORO1A/GABARAPL2/ARL8B/STX12/VPS16/VPS11/ATG7/MFN2/SNX30/VPS33A/GAA/PIP4K2B	13	downregulated	DEP only	TRUE	FALSE
GOBP_ORGANIC_ANION_TRANSPORT	GOBP_ORGANIC_ANION_TRANSPORT	11/210	56/3816	0.000179214673935243	0.0288232528368799	0.0270346121469668	SV2A/SLC25A4/SLC7A1/SLC2A3/SLC25A5/PRKAA1/SLC1A2/SLC4A7/SLC25A13/CYB5R1/SLC1A4	11	downregulated	DEP only	FALSE	FALSE
GOBP_SMALL_MOLECULE_BIOSYNTHETIC_PROCESS	GOBP_SMALL_MOLECULE_BIOSYNTHETIC_PROCESS	21/210	164/3816	0.000198982844104217	0.0288232528368799	0.0270346121469668	HMGCS1/FASN/GLS/PRPS1/CYP51A1/DHCR7/SORD/SCD5/FADS2/SHMT2/PRKAA2/FAM3C/FDFT1/MSMO1/PRKAA1/PTGES3/SLC25A13/AASDHPPT/MGST3/TECR/ACLY	21	downregulated	DEP only	TRUE	FALSE
GOCC_EARLY_ENDOSOME	GOCC_EARLY_ENDOSOME	19/210	141/3816	0.000206923690129628	0.0288232528368799	0.0270346121469668	TMEM30A/CORO1A/ATP9A/STX12/PLD3/MYO1B/SORCS2/VPS16/VPS11/VPS26A/VPS29/CLCN4/CNTNAP2/EPHB1/SNX30/RAB5C/VPS33A/WDFY1/TF	19	downregulated	DEP only	TRUE	FALSE
GOMF_GUANYL_NUCLEOTIDE_BINDING	GOMF_GUANYL_NUCLEOTIDE_BINDING	22/210	176/3816	0.000199295465654436	0.0288232528368799	0.0270346121469668	ARF5/DRG2/ARL8B/RAB6A/KRAS/RAC1/RAB39B/OPA1/ARF4/GFM1/RAB18/NKIRAS2/RAB6B/RAB11B/MFN2/RRAGC/ARL8A/ARF3/RAB5C/ARL1/GNL1/PIP4K2B	22	downregulated	DEP only	FALSE	FALSE
GOBP_LIPID_BIOSYNTHETIC_PROCESS	GOBP_LIPID_BIOSYNTHETIC_PROCESS	22/210	179/3816	0.000255262230395072	0.0305302561896553	0.0286356865932488	HMGCS1/FASN/CYP51A1/DHCR7/ABCA3/AGPS/ACSL1/SCD5/FADS2/CERS1/ACBD3/TM9SF2/PRKAA2/FDFT1/MSMO1/SMPD4/PRKAA1/PTGES3/CYB5R1/TECR/ACLY/PIP4K2B	22	downregulated	DEP only	TRUE	FALSE
GOCC_SECRETORY_GRANULE_MEMBRANE	GOCC_SECRETORY_GRANULE_MEMBRANE	14/210	88/3816	0.00025785689349371	0.0305302561896553	0.0286356865932488	TMEM30A/CPE/ABCA3/RAB6A/RAC1/SLC2A3/SCAMP1/ATP6V1D/RAB18/EXOC3/ARL8A/RAB5C/CYB5R1/GAA	14	downregulated	DEP only	TRUE	FALSE
GOMF_ORGANIC_ANION_TRANSMEMBRANE_TRANSPORTER_ACTIVITY	GOMF_ORGANIC_ANION_TRANSMEMBRANE_TRANSPORTER_ACTIVITY	8/210	32/3816	0.000245758096726184	0.0305302561896553	0.0286356865932488	SLC25A4/SLC7A1/SLC2A3/SLC25A5/SLC1A2/SLC4A7/SLC25A13/SLC1A4	8	downregulated	DEP only	FALSE	FALSE
GOBP_FATTY_ACID_METABOLIC_PROCESS	GOBP_FATTY_ACID_METABOLIC_PROCESS	16/210	111/3816	0.000305811429364517	0.0344838792731036	0.0323439657122371	FASN/AKR1C2/MBLAC2/PRKAR2B/ACSL1/SCD5/FADS2/DECR1/ETFDH/PRKAA2/MSMO1/PRKAA1/PTGES3/PLAA/TECR/ACLY	16	downregulated	DEP only	TRUE	TRUE
GOBP_STEROID_BIOSYNTHETIC_PROCESS	GOBP_STEROID_BIOSYNTHETIC_PROCESS	10/210	51/3816	0.000359431589625653	0.038687909283343	0.0362871126368482	HMGCS1/CYP51A1/DHCR7/ACBD3/PRKAA2/FDFT1/MSMO1/PRKAA1/CYB5R1/ACLY	10	downregulated	DEP only	FALSE	FALSE
GOBP_MACROAUTOPHAGY	GOBP_MACROAUTOPHAGY	19/210	151/3816	0.000506711716295404	0.0487543518828067	0.0457288773438488	GABARAP/SLC25A4/GABARAPL2/ARL8B/STX12/CASP3/VPS16/ATP6V1D/CERS1/VPS26A/PRKAA2/SLC25A5/ATG7/MFN2/PLAA/SNX30/VPS33A/EXOC7/PIP4K2B	19	downregulated	DEP only	FALSE	FALSE
GOBP_STEROL_METABOLIC_PROCESS	GOBP_STEROL_METABOLIC_PROCESS	9/210	44/3816	0.00051145339787943	0.0487543518828067	0.0457288773438488	HMGCS1/CYP51A1/DHCR7/PRKAA2/FDFT1/MSMO1/PRKAA1/CYB5R1/ACLY	9	downregulated	DEP only	FALSE	FALSE
GOCC_CELL_BODY	GOCC_CELL_BODY	22/210	188/3816	0.000514720775789767	0.0487543518828067	0.0457288773438488	SV2A/SYT11/GNB4/CASP3/DCTN1/CXADR/PRKAR2B/SORCS2/SLC2A3/VPS16/PRKAA2/CCT3/CNTNAP2/PRKAA1/SLC1A2/CCT7/STAU1/PTPRS/HSP90AA1/RPL28/SLC1A4/CCT5	22	downregulated	DEP only	TRUE	FALSE
GOCC_ENDOSOME	GOCC_ENDOSOME	32/210	321/3816	0.000545531686763822	0.0496853474714127	0.0466020995575572	TMEM30A/SYT11/CORO1A/ATP9A/ARL8B/ABCA3/STX12/AP2B1/PLD3/MYO1B/SORCS2/RAC1/SCAMP1/CORO1C/VPS16/VPS11/VPS26A/VPS29/CLCN4/TM9SF2/AP2S1/RAB11B/CNTNAP2/ARL8A/ARPC2/EPHB1/SNX30/RAB5C/VPS33A/WDFY1/TF/AP3D1	32	downregulated	DEP only	FALSE	FALSE
GOBP_AXONAL_TRANSPORT	GOBP_AXONAL_TRANSPORT	8/210	37/3816	0.000710622816380146	0.0600983867567209	0.0563689527278988	KIF3A/ARL8B/DCTN1/OPA1/AP3M2/ARL8A/AP3D1/AP3B2	8	downregulated	DEP only	TRUE	TRUE
GOBP_FATTY_ACID_BIOSYNTHETIC_PROCESS	GOBP_FATTY_ACID_BIOSYNTHETIC_PROCESS	8/210	37/3816	0.000710622816380146	0.0600983867567209	0.0563689527278988	FASN/SCD5/FADS2/PRKAA2/PRKAA1/PTGES3/TECR/ACLY	8	downregulated	DEP only	FALSE	FALSE
GOMF_CYTOSKELETAL_PROTEIN_BINDING	GOMF_CYTOSKELETAL_PROTEIN_BINDING	34/210	356/3816	0.00079475041650621	0.0648954822857485	0.0608683622079167	GABARAP/SYT11/FARP1/KIF3A/CORO1A/GABARAPL2/ARL8B/RAB6A/DCTN1/ABLIM1/MYO1B/RAB39B/GSK3B/KIF2A/OPA1/CORO1C/DSTN/VPS16/FSCN1/RAB6B/RAB11B/STRBP/CFL1/PRKAA1/FSD1/ARL8A/DCTN2/ARPC2/ATCAY/HSP90AA1/DPYSL4/ABI1/MAP4K4/CCT5	34	downregulated	DEP only	FALSE	TRUE
GOCC_GOLGI_APPARATUS	GOCC_GOLGI_APPARATUS	37/210	400/3816	0.000842460895809633	0.0664982467092404	0.0623716663213448	TMEM30A/GABARAP/FASN/ARF5/CPE/SYT11/NUDC/GABARAPL2/ATP9A/CYTH2/STX12/RAB6A/PLD3/MYO1B/KRAS/RAC1/RAB39B/SCAMP1/TMEM132A/ARF4/GOPC/AP3M2/RAB18/CLCN4/ACBD3/TM9SF2/PRKAA2/FAM3C/RAB6B/CNTNAP2/SMPD4/EXOC3/ITM2C/ARF3/ARL1/AP3D1/AP3B2	37	downregulated	DEP only	TRUE	TRUE
GOBP_CELL_CELL_RECOGNITION	GOBP_CELL_CELL_RECOGNITION	5/210	15/3816	0.000917913036938918	0.070116711982947	0.0657655860081873	CORO1A/CCT3/CCT7/EPHB1/CCT5	5	downregulated	DEP only	TRUE	TRUE
GOBP_POSITIVE_REGULATION_OF_LAMELLIPODIUM_ORGANIZATION	GOBP_POSITIVE_REGULATION_OF_LAMELLIPODIUM_ORGANIZATION	5/210	16/3816	0.0012760039968375	0.094424295765975	0.088564751096287	ABI2/RAC1/CORO1C/FSCN1/ARPC2	5	downregulated	DEP only	TRUE	TRUE
GOBP_ORGANELLE_FUSION	GOBP_ORGANELLE_FUSION	10/210	61/3816	0.00156420494296521	0.097735220372235	0.0916702146983534	SYT11/CORO1A/ARL8B/STX12/OPA1/PRRT2/VPS16/VPS11/MFN2/PIP4K2B	10	downregulated	DEP only	TRUE	TRUE
GOBP_ORGANIC_ACID_METABOLIC_PROCESS	GOBP_ORGANIC_ACID_METABOLIC_PROCESS	29/210	298/3816	0.00149267544950494	0.097735220372235	0.0916702146983534	FASN/GLS/PRPS1/MTHFD2/AKR1C2/MBLAC2/PRKAR2B/SLC2A3/ACSL1/SCD5/FADS2/SHMT2/BCKDHA/DECR1/ETFDH/PRKAA2/SARS2/MSMO1/PRKAA1/PTGES3/PLAA/SLC25A13/ATCAY/LDHB/AASDHPPT/MGST3/TECR/GRHPR/ACLY	29	downregulated	DEP only	FALSE	FALSE
GOBP_REGULATION_OF_AUTOPHAGY	GOBP_REGULATION_OF_AUTOPHAGY	16/210	128/3816	0.00151474098437283	0.097735220372235	0.0916702146983534	SLC25A4/CASP3/RAB39B/GSK3B/ATP6V1D/CERS1/VPS26A/VPS29/PRKAA2/SLC25A5/ATG7/PRKAA1/RRAGC/SNX30/EXOC7/PIP4K2B	16	downregulated	DEP only	FALSE	FALSE
GOBP_SEMAPHORIN_PLEXIN_SIGNALING_PATHWAY	GOBP_SEMAPHORIN_PLEXIN_SIGNALING_PATHWAY	4/210	10/3816	0.0014394833308712	0.097735220372235	0.0916702146983534	RAC1/PLXNB1/PLXNA4/SEMA4C	4	downregulated	DEP only	TRUE	TRUE
GOCC_LATE_ENDOSOME_MEMBRANE	GOCC_LATE_ENDOSOME_MEMBRANE	9/210	51/3816	0.00156838613773012	0.097735220372235	0.0916702146983534	TMEM30A/ARL8B/ABCA3/PLD3/VPS16/VPS11/CLCN4/ARL8A/VPS33A	9	downregulated	DEP only	TRUE	TRUE
GOMF_BETA_TUBULIN_BINDING	GOMF_BETA_TUBULIN_BINDING	6/210	24/3816	0.00150833500699475	0.097735220372235	0.0916702146983534	GABARAP/SYT11/GABARAPL2/ARL8B/ARL8A/CCT5	6	downregulated	DEP only	TRUE	TRUE
GOCC_RECYCLING_ENDOSOME_MEMBRANE	GOCC_RECYCLING_ENDOSOME_MEMBRANE	8/210	42/3816	0.00171259714086481	0.103985385373535	0.0975325227321119	SYT11/ATP9A/STX12/SORCS2/RAC1/SCAMP1/CLCN4/RAB11B	8	downregulated	DEP only	TRUE	TRUE
GOCC_NUCLEAR_PROTEIN_CONTAINING_COMPLEX	GOCC_NUCLEAR_PROTEIN_CONTAINING_COMPLEX	40/152	475/3816	1.64168855780945e-06	0.00377424199440391	0.00376724321686799	TTI2/SSRP1/SMARCE1/THRAP3/LSM6/SF3A3/BABAM1/CTNNB1/SNRPD3/CBX5/GTF2E1/SNRPGP15/RBM8A/CHD4/CD2BP2/CIRBP/NUP153/BRD1/EXOSC6/POLR3C/ARID1B/SART1/SMARCA5/RPRD1B/NELFCD/NOC4L/CPSF4/ARID1A/NCL/INTS6/CHMP6/GAR1/DPF3/INTS11/SIN3A/SNRPA1/CCDC12/RNF2/AFF4/BOP1	40	upregulated	DEP only	TRUE	TRUE
